id,url,caption,hotel_id,hotel_name,is_main,source
"lp656eafa2-0","https://static.cupid.travel/hotels/570128559.jpg","building","lp656eafa2","2 BR Condominium - Luxury Skiin and out (rare to find)",true,"liteapi"
"lp656c8c0c-0","https://static.cupid.travel/hotels/ex_4c6ddec9_z.jpg","building","lp656c8c0c","2-min Walk To Lift 7, Shuttle To Gondola! Hot Tub + Fireplace 3 Bedroom Condo by RedAwning",true,"liteapi"
"lp6575d72a-0","https://static.cupid.travel/hotels/450266017.jpg","building","lp6575d72a","2BR Mountain Lodge Luxury Skiin out Best Amenities",true,"liteapi"
"lp656c735f-0","https://static.cupid.travel/hotels/ex_19f8f074_z.jpg","building","lp656c735f","330 W Pacific B 3 Bedroom Townhouse by RedAwning",true,"liteapi"
"lp656e1ed3-0","https://static.cupid.travel/hotels/492978300.jpg","building","lp656e1ed3","330 W Pacific B townhouse",true,"liteapi"
"lp656e6e23-0","https://static.cupid.travel/hotels/599922311.jpg","building","lp656e6e23","3br 3 1 2Ba Center of Everything New Listing On Our New Home",true,"liteapi"
"lp656c736c-0","https://static.cupid.travel/hotels/ex_85a709ab_z.jpg","building","lp656c736c","425 Depot Ave 5 Bedroom Home by RedAwning",true,"liteapi"
"lpa0625-0","https://static.cupid.travel/hotels/ex_c93abf6f_z.jpg","building","lpa0625","A Village Suite 348 3 Bedroom Condo By Accommodations in Telluride",true,"liteapi"
"lp65868c47-0","https://static.cupid.travel/hotels/ex_f4e3ef50_z.jpg","","lp65868c47","Absolutely Amazing Slopeside Mountain Lodge With spa",true,"liteapi"
"lp65584fc8-0","https://static.cupid.travel/hotels/ex_e2d5ee04_z.jpg","building","lp65584fc8","Adams Ranch Retreat by Avantstay Free Shuttle 2 Mountain Village & Telluride Ski Resort!",true,"liteapi"
"lp657295ff-0","https://static.cupid.travel/hotels/ex_f84ca91e_z.jpg","building","lp657295ff","Ajax Loft 1 Bedroom Apts by RedAwning",true,"liteapi"
"lp658752a2-0","https://static.cupid.travel/hotels/ex_06a3b128_z.jpg","","lp658752a2","Alpine Lodging Telluride Ski Resort",true,"liteapi"
"lp65865151-0","https://static.cupid.travel/hotels/ex_429be782_z.jpg","","lp65865151","Alpine Lodging Telluride Ski Resort - Vacation Rentals",true,"liteapi"
"lp65584fb3-0","https://static.cupid.travel/hotels/ex_31aa49ec_z.jpg","building","lp65584fb3","Apex by Avantstay Cozy Expansive Mountain Home Close to the Slopes w/ Hot Tub!",true,"liteapi"
"lp656c5e5d-0","https://static.cupid.travel/hotels/ex_c3e05445_z.jpg","","lp656c5e5d","Aspen Ridge 2 3 Bedroom Townhouse by Alpine Lodging Telluride",true,"liteapi"
"lp656c5990-0","https://static.cupid.travel/hotels/ex_1e71fe43_z.jpg","","lp656c5990","Aspen Ridge 24 3 Bedroom Townhouse by Alpine Lodging Telluride",true,"liteapi"
"lp656c5d2e-0","https://static.cupid.travel/hotels/ex_2540e545_z.jpg","","lp656c5d2e","Aspen Ridge 27 3 Bedroom Townhouse by Alpine Lodging Telluride",true,"liteapi"
"lpffc70-0","https://static.cupid.travel/hotels/426253403.jpg","building","lpffc70","Aspen Ridge 27 by Alpine Lodging Telluride",true,"liteapi"
"lp656c5d41-0","https://static.cupid.travel/hotels/ex_18f2ab3a_z.jpg","","lp656c5d41","Aspen Ridge 3 3 Bedroom Townhouse by Alpine Lodging Telluride",true,"liteapi"
"lp656c5983-0","https://static.cupid.travel/hotels/ex_c442a197_z.jpg","","lp656c5983","Aspen Ridge 31 3 Bedroom Townhouse by Alpine Lodging Telluride",true,"liteapi"
"lpfeec8-0","https://static.cupid.travel/hotels/ex_ac336698_z.jpg","building","lpfeec8","Aspen Ridge 32",true,"liteapi"
"lp656f44ce-0","https://static.cupid.travel/hotels/ex_a5d111b2_z.jpg","building","lp656f44ce","Aspen Ridge 32 - 2 bedroom 2 Townhouse by Alpine Lodging Telluride",true,"liteapi"
"lp656c5d9b-0","https://static.cupid.travel/hotels/ex_dec3c464_z.jpg","building","lp656c5d9b","Aspen Ridge 4 3 Bedroom Townhouse by Alpine Lodging Telluride",true,"liteapi"
"lp65576346-0","https://static.cupid.travel/hotels/426200234.jpg","building","lp65576346","Aspen Ridge 4 by Alpine Lodging Telluride",true,"liteapi"
"lp656c5986-0","https://static.cupid.travel/hotels/ex_9a28c546_z.jpg","","lp656c5986","Aspen Ridge 6 3 Bedroom Townhouse by Alpine Lodging Telluride",true,"liteapi"
"lp41007-0","https://static.cupid.travel/hotels/426253562.jpg","building","lp41007","Aspen Ridge 6 by Alpine Lodging Telluride",true,"liteapi"
"lp656c5d67-0","https://static.cupid.travel/hotels/ex_6f629a8b_z.jpg","","lp656c5d67","Aspen Ridge 7 3 Bedroom Townhouse by Alpine Lodging Telluride",true,"liteapi"
"lpc6edd-0","https://static.cupid.travel/hotels/299965351.jpg","building","lpc6edd","Bachman Village",true,"liteapi"
"lp656f59b2-0","https://static.cupid.travel/hotels/601025631.jpg","building","lp656f59b2","Bachman Village #9 - backyard and steps to skiing!",true,"liteapi"
"lp655838e1-0","https://static.cupid.travel/hotels/ex_403cd59e_z.jpg","building","lp655838e1","Bachman Village 14 by Avantstay Close To Town & The Slopes w/ Hot Tub! Permit#12038",true,"liteapi"
"lp6587430f-0","https://static.cupid.travel/hotels/ex_fbad9a4d_z.jpg","","lp6587430f","Bachman Village 14 by Avantstay Close To Town The Slopes w Hot Tub Permit 12038",true,"liteapi"
"lpa05ed-0","https://static.cupid.travel/hotels/ex_ddcf6636_z.jpg","building","lpa05ed","Bachman Village 19 4 Bedroom Holiday home By Accommodations in Telluride",true,"liteapi"
"lp656c5dd6-0","https://static.cupid.travel/hotels/ex_b41efa6b_z.jpg","building","lp656c5dd6","Back Door Ski In/out Fireplace, Hot Tub, Huge Views Alpine Luxury At Copper Hollow 6 Bedroom Home by RedAwning",true,"liteapi"
"lp65721472-0","https://static.cupid.travel/hotels/509910562.jpg","building","lp65721472","Basecamp at Valley Floor - views and wildlife!",true,"liteapi"
"lp656c95f0-0","https://static.cupid.travel/hotels/ex_fbd04b36_z.jpg","recepcion & lobby","lp656c95f0","Bear Creek Lodge 105 2 Bedroom Condo by Alpine Lodging Telluride",true,"liteapi"
"lp657119df-0","https://static.cupid.travel/hotels/500516478.jpg","recepcion & lobby","lp657119df","Bear Creek Lodge 105 by Alpine Lodging Telluride",true,"liteapi"
"lp656c95ec-0","https://static.cupid.travel/hotels/ex_2d49909c_z.jpg","recepcion & lobby","lp656c95ec","Bear Creek Lodge 105a 1 Bedroom Condo by Alpine Lodging Telluride",true,"liteapi"
"lp656c8ffd-0","https://static.cupid.travel/hotels/ex_ba6a0de3_z.jpg","recepcion & lobby","lp656c8ffd","Bear Creek Lodge 106 2 Bedroom Condo by Alpine Lodging Telluride",true,"liteapi"
"lp656c95fa-0","https://static.cupid.travel/hotels/ex_2c8c6288_z.jpg","recepcion & lobby","lp656c95fa","Bear Creek Lodge 107 2 Bedroom Condo by Alpine Lodging Telluride",true,"liteapi"
"lp65711dac-0","https://static.cupid.travel/hotels/500570790.jpg","recepcion & lobby","lp65711dac","Bear Creek Lodge 107 by Alpine Lodging Telluride",true,"liteapi"
"lp656c78d3-0","https://static.cupid.travel/hotels/ex_1086094e_z.jpg","recepcion & lobby","lp656c78d3","Bear Creek Lodge 107a 1 Bedroom Condo by Alpine Lodging Telluride",true,"liteapi"
"lp656c95a3-0","https://static.cupid.travel/hotels/ex_136059f1_z.jpg","recepcion & lobby","lp656c95a3","Bear Creek Lodge 108 2 Bedroom Condo by Alpine Lodging Telluride",true,"liteapi"
"lp65711a0b-0","https://static.cupid.travel/hotels/500554142.jpg","recepcion & lobby","lp65711a0b","Bear Creek Lodge 108 by Alpine Lodging Telluride",true,"liteapi"
"lp656c9613-0","https://static.cupid.travel/hotels/ex_7c114129_z.jpg","recepcion & lobby","lp656c9613","Bear Creek Lodge 108a 1 Bedroom Condo by Alpine Lodging Telluride",true,"liteapi"
"lp656c9183-0","https://static.cupid.travel/hotels/ex_ad2a4b2f_z.jpg","recepcion & lobby","lp656c9183","Bear Creek Lodge 109 2 Bedroom Condo by Alpine Lodging Telluride",true,"liteapi"
"lp656c95d4-0","https://static.cupid.travel/hotels/ex_53162da9_z.jpg","recepcion & lobby","lp656c95d4","Bear Creek Lodge 109a 1 Bedroom Condo by Alpine Lodging Telluride",true,"liteapi"
"lp65716091-0","https://static.cupid.travel/hotels/500396683.jpg","recepcion & lobby","lp65716091","Bear Creek Lodge 109A by Alpine Lodging Telluride",true,"liteapi"
"lp656c95e4-0","https://static.cupid.travel/hotels/ex_77c8ae52_z.jpg","recepcion & lobby","lp656c95e4","Bear Creek Lodge 110 2 Bedroom Condo by Alpine Lodging Telluride",true,"liteapi"
"lp65711bfb-0","https://static.cupid.travel/hotels/500571854.jpg","recepcion & lobby","lp65711bfb","Bear Creek Lodge 110 by Alpine Lodging Telluride",true,"liteapi"
"lp656c9609-0","https://static.cupid.travel/hotels/ex_46f5120e_z.jpg","recepcion & lobby","lp656c9609","Bear Creek Lodge 110a 1 Bedroom Condo by Alpine Lodging Telluride",true,"liteapi"
"lp656c95ba-0","https://static.cupid.travel/hotels/ex_82614904_z.jpg","recepcion & lobby","lp656c95ba","Bear Creek Lodge 111 2 Bedroom Condo by Alpine Lodging Telluride",true,"liteapi"
"lp656c95ef-0","https://static.cupid.travel/hotels/ex_241caa35_z.jpg","recepcion & lobby","lp656c95ef","Bear Creek Lodge 111a 1 Bedroom Condo by Alpine Lodging Telluride",true,"liteapi"
"lp65716532-0","https://static.cupid.travel/hotels/499196126.jpg","recepcion & lobby","lp65716532","Bear Creek Lodge 111A by Alpine Lodging Telluride",true,"liteapi"
"lp656c960b-0","https://static.cupid.travel/hotels/ex_b4d1c19e_z.jpg","balance & terrace","lp656c960b","Bear Creek Lodge 112 2 Bedroom Condo by Alpine Lodging Telluride",true,"liteapi"
"lp656c95f3-0","https://static.cupid.travel/hotels/ex_f4b3d8ef_z.jpg","recepcion & lobby","lp656c95f3","Bear Creek Lodge 112a 1 Bedroom Condo by Alpine Lodging Telluride",true,"liteapi"
"lp656c95d8-0","https://static.cupid.travel/hotels/ex_c17f83ac_z.jpg","balance & terrace","lp656c95d8","Bear Creek Lodge 203 3 Bedroom Condo by Alpine Lodging Telluride",true,"liteapi"
"lp65711627-0","https://static.cupid.travel/hotels/500596173.jpg","balance & terrace","lp65711627","Bear Creek Lodge 203 by Alpine Lodging Telluride",true,"liteapi"
"lp656c9171-0","https://static.cupid.travel/hotels/ex_d375e682_z.jpg","balance & terrace","lp656c9171","Bear Creek Lodge 203a 1 Bedroom Condo by Alpine Lodging Telluride",true,"liteapi"
"lp656c959d-0","https://static.cupid.travel/hotels/ex_8e52fa22_z.jpg","balance & terrace","lp656c959d","Bear Creek Lodge 203ab 2 Bedroom Condo by Alpine Lodging Telluride",true,"liteapi"
"lp656c95d5-0","https://static.cupid.travel/hotels/ex_64a98431_z.jpg","balance & terrace","lp656c95d5","Bear Creek Lodge 205 3 Bedroom Condo by Alpine Lodging Telluride",true,"liteapi"
"lp65711d90-0","https://static.cupid.travel/hotels/500369492.jpg","balance & terrace","lp65711d90","Bear Creek Lodge 205 by Alpine Lodging Telluride",true,"liteapi"
"lp656c95d7-0","https://static.cupid.travel/hotels/ex_dde950c6_z.jpg","balance & terrace","lp656c95d7","Bear Creek Lodge 205a 1 Bedroom Condo by Alpine Lodging Telluride",true,"liteapi"
"lp656c95f6-0","https://static.cupid.travel/hotels/ex_c9b4f73c_z.jpg","balance & terrace","lp656c95f6","Bear Creek Lodge 205ab 2 Bedroom Condo by Alpine Lodging Telluride",true,"liteapi"
"lp656c8ce7-0","https://static.cupid.travel/hotels/ex_f8fded9b_z.jpg","balance & terrace","lp656c8ce7","Bear Creek Lodge 207 2 Bedroom Condo by Alpine Lodging Telluride",true,"liteapi"
"lp65716402-0","https://static.cupid.travel/hotels/434637862.jpg","balance & terrace","lp65716402","Bear Creek Lodge 207A by Alpine Lodging Telluride",true,"liteapi"
"lp656d8d97-0","https://static.cupid.travel/hotels/ex_d4c3bce2_z.jpg","","lp656d8d97","Bear Creek Lodge 207b Hotel Room by Alpine Lodging Telluride",true,"liteapi"
"lp656c960a-0","https://static.cupid.travel/hotels/ex_f51e3c51_z.jpg","balance & terrace","lp656c960a","Bear Creek Lodge 208 2 Bedroom Condo by Alpine Lodging Telluride",true,"liteapi"
"lp657118eb-0","https://static.cupid.travel/hotels/500554108.jpg","balance & terrace","lp657118eb","Bear Creek Lodge 208 by Alpine Lodging Telluride",true,"liteapi"
"lp656c9885-0","https://static.cupid.travel/hotels/ex_88eaa711_z.jpg","recepcion & lobby","lp656c9885","Bear Creek Lodge 208a 1 Bedroom Condo by Alpine Lodging Telluride",true,"liteapi"
"lp656c7972-0","https://static.cupid.travel/hotels/ex_5ac883b1_z.jpg","balance & terrace","lp656c7972","Bear Creek Lodge 209 3 Bedroom Condo by Alpine Lodging Telluride",true,"liteapi"
"lp65711bba-0","https://static.cupid.travel/hotels/500470903.jpg","balance & terrace","lp65711bba","Bear Creek Lodge 209 by Alpine Lodging Telluride",true,"liteapi"
"lp656c95cd-0","https://static.cupid.travel/hotels/ex_722d747e_z.jpg","balance & terrace","lp656c95cd","Bear Creek Lodge 209a 1 Bedroom Condo by Alpine Lodging Telluride",true,"liteapi"
"lp656c9617-0","https://static.cupid.travel/hotels/ex_ec6aae08_z.jpg","balance & terrace","lp656c9617","Bear Creek Lodge 209ab 2 Bedroom Condo by Alpine Lodging Telluride",true,"liteapi"
"lp6587fc83-0","https://static.cupid.travel/hotels/ex_6a13a93c_z.jpg","","lp6587fc83","Bear Creek Lodge 210 1 Bedroom Condo",true,"liteapi"
"lp656c95e3-0","https://static.cupid.travel/hotels/ex_69f8616e_z.jpg","recepcion & lobby","lp656c95e3","Bear Creek Lodge 211 1 Bedroom Condo by Alpine Lodging Telluride",true,"liteapi"
"lp65711a6a-0","https://static.cupid.travel/hotels/500346006.jpg","recepcion & lobby","lp65711a6a","Bear Creek Lodge 211 by Alpine Lodging Telluride",true,"liteapi"
"lp656c95c8-0","https://static.cupid.travel/hotels/ex_a84bd517_z.jpg","balance & terrace","lp656c95c8","Bear Creek Lodge 212 3 Bedroom Condo by Alpine Lodging Telluride",true,"liteapi"
"lp656c787c-0","https://static.cupid.travel/hotels/ex_b66a7d13_z.jpg","balance & terrace","lp656c787c","Bear Creek Lodge 212a 1 Bedroom Condo by Alpine Lodging Telluride",true,"liteapi"
"lp656c9164-0","https://static.cupid.travel/hotels/ex_dfc3f00b_z.jpg","balance & terrace","lp656c9164","Bear Creek Lodge 212ab 2 Bedroom Condo by Alpine Lodging Telluride",true,"liteapi"
"lp656c94b2-0","https://static.cupid.travel/hotels/ex_5012d000_z.jpg","balance & terrace","lp656c94b2","Bear Creek Lodge 213 2 Bedroom Condo by Alpine Lodging Telluride",true,"liteapi"
"lp657114a3-0","https://static.cupid.travel/hotels/495119278.jpg","balance & terrace","lp657114a3","Bear Creek Lodge 213 by Alpine Lodging Telluride",true,"liteapi"
"lp656c961c-0","https://static.cupid.travel/hotels/ex_e860002b_z.jpg","balance & terrace","lp656c961c","Bear Creek Lodge 301 3 Bedroom Condo by Alpine Lodging Telluride",true,"liteapi"
"lp65711bb3-0","https://static.cupid.travel/hotels/500337343.jpg","balance & terrace","lp65711bb3","Bear Creek Lodge 301 by Alpine Lodging Telluride",true,"liteapi"
"lp656c95e6-0","https://static.cupid.travel/hotels/ex_3c05f7a3_z.jpg","balance & terrace","lp656c95e6","Bear Creek Lodge 301a 1 Bedroom Condo by Alpine Lodging Telluride",true,"liteapi"
"lp656c78bd-0","https://static.cupid.travel/hotels/ex_ac4de302_z.jpg","balance & terrace","lp656c78bd","Bear Creek Lodge 301ab 2 Bedroom Condo by Alpine Lodging Telluride",true,"liteapi"
"lp6587fc85-0","https://static.cupid.travel/hotels/ex_1e5d8ae3_z.jpg","","lp6587fc85","Bear Creek Lodge 301c 1 Bedroom Hotel Room",true,"liteapi"
"lp656c95e9-0","https://static.cupid.travel/hotels/ex_f7d4b480_z.jpg","balance & terrace","lp656c95e9","Bear Creek Lodge 302 1 Bedroom Condo by Alpine Lodging Telluride",true,"liteapi"
"lp6571161e-0","https://static.cupid.travel/hotels/500387716.jpg","balance & terrace","lp6571161e","Bear Creek Lodge 302 by Alpine Lodging Telluride",true,"liteapi"
"lp656c78ac-0","https://static.cupid.travel/hotels/ex_ca22cdf9_z.jpg","balance & terrace","lp656c78ac","Bear Creek Lodge 303 3 Bedroom Condo by Alpine Lodging Telluride",true,"liteapi"
"lp65711974-0","https://static.cupid.travel/hotels/500516639.jpg","balance & terrace","lp65711974","Bear Creek Lodge 303 by Alpine Lodging Telluride",true,"liteapi"
"lp656c78b3-0","https://static.cupid.travel/hotels/ex_2a4226ef_z.jpg","balance & terrace","lp656c78b3","Bear Creek Lodge 303ab 2 Bedroom Condo by Alpine Lodging Telluride",true,"liteapi"
"lp656c95e8-0","https://static.cupid.travel/hotels/ex_4be03ab3_z.jpg","balance & terrace","lp656c95e8","Bear Creek Lodge 305 3 Bedroom Condo by Alpine Lodging Telluride",true,"liteapi"
"lp656c9173-0","https://static.cupid.travel/hotels/ex_8c740dc6_z.jpg","balance & terrace","lp656c9173","Bear Creek Lodge 305a 1 Bedroom Condo by Alpine Lodging Telluride",true,"liteapi"
"lp656c9188-0","https://static.cupid.travel/hotels/ex_aea8b458_z.jpg","balance & terrace","lp656c9188","Bear Creek Lodge 305ab 2 Bedroom Condo by Alpine Lodging Telluride",true,"liteapi"
"lp656c916f-0","https://static.cupid.travel/hotels/ex_d23c4fc8_z.jpg","balance & terrace","lp656c916f","Bear Creek Lodge 308 2 Bedroom Condo by Alpine Lodging Telluride",true,"liteapi"
"lp65711bb4-0","https://static.cupid.travel/hotels/500538757.jpg","balance & terrace","lp65711bb4","Bear Creek Lodge 308 by Alpine Lodging Telluride",true,"liteapi"
"lp656c95d6-0","https://static.cupid.travel/hotels/ex_99bae911_z.jpg","balance & terrace","lp656c95d6","Bear Creek Lodge 308a 1 Bedroom Condo by Alpine Lodging Telluride",true,"liteapi"
"lp656c8c8f-0","https://static.cupid.travel/hotels/ex_bad8defb_z.jpg","balance & terrace","lp656c8c8f","Bear Creek Lodge 309 3 Bedroom Condo by Alpine Lodging Telluride",true,"liteapi"
"lp656c95bb-0","https://static.cupid.travel/hotels/ex_e85a93e7_z.jpg","recepcion & lobby","lp656c95bb","Bear Creek Lodge 309a 1 Bedroom Condo by Alpine Lodging Telluride",true,"liteapi"
"lp656c8363-0","https://static.cupid.travel/hotels/ex_d8663610_z.jpg","balance & terrace","lp656c8363","Bear Creek Lodge 309ab 2 Bedroom Condo by Alpine Lodging Telluride",true,"liteapi"
"lp656d9083-0","https://static.cupid.travel/hotels/ex_87bd7189_z.jpg","","lp656d9083","Bear Creek Lodge 309b 1 Bedroom Hotel Room by Alpine Lodging Telluride",true,"liteapi"
"lp65715ef4-0","https://static.cupid.travel/hotels/434260655.jpg","","lp65715ef4","Bear Creek Lodge 309B by Alpine Lodging Telluride",true,"liteapi"
"lp6570b554-0","https://static.cupid.travel/hotels/ex_edb82232_z.jpg","recepcion & lobby","lp6570b554","Bear Creek Lodge 309c 1 Bedroom Hotel Room by Alpine Lodging Telluride",true,"liteapi"
"lp656c9189-0","https://static.cupid.travel/hotels/ex_747c573b_z.jpg","balance & terrace","lp656c9189","Bear Creek Lodge 310 1 Bedroom Condo by Alpine Lodging Telluride",true,"liteapi"
"lp656c960e-0","https://static.cupid.travel/hotels/ex_5a10bd10_z.jpg","balance & terrace","lp656c960e","Bear Creek Lodge 311 1 Bedroom Condo by Alpine Lodging Telluride",true,"liteapi"
"lp65711626-0","https://static.cupid.travel/hotels/500595440.jpg","balance & terrace","lp65711626","Bear Creek Lodge 311 by Alpine Lodging Telluride",true,"liteapi"
"lp656c9596-0","https://static.cupid.travel/hotels/ex_4d30bc8a_z.jpg","balance & terrace","lp656c9596","Bear Creek Lodge 403 4 Bedroom Condo by Alpine Lodging Telluride",true,"liteapi"
"lp65711cba-0","https://static.cupid.travel/hotels/500570668.jpg","balance & terrace","lp65711cba","Bear Creek Lodge 403 by Alpine Lodging Telluride",true,"liteapi"
"lp65868f33-0","https://static.cupid.travel/hotels/ex_87d8e64d_z.jpg","","lp65868f33","Bear Creek Lodge 404 4 Bedroom Condo",true,"liteapi"
"lp656c917e-0","https://static.cupid.travel/hotels/ex_45f2665b_z.jpg","building","lp656c917e","Bear Creek Lodge 406 4 Bedroom Condo by Alpine Lodging Telluride",true,"liteapi"
"lp65711a3a-0","https://static.cupid.travel/hotels/500515899.jpg","building","lp65711a3a","Bear Creek Lodge 406 by Alpine Lodging Telluride",true,"liteapi"
"lp656c8c7e-0","https://static.cupid.travel/hotels/ex_9c840a8d_z.jpg","balance & terrace","lp656c8c7e","Bear Creek Lodge 407 4 Bedroom Condo by Alpine Lodging Telluride",true,"liteapi"
"lp65711b1e-0","https://static.cupid.travel/hotels/434057635.jpg","balance & terrace","lp65711b1e","Bear Creek Lodge 407 by Alpine Lodging Telluride",true,"liteapi"
"lp656c789c-0","https://static.cupid.travel/hotels/ex_494a8d1a_z.jpg","balance & terrace","lp656c789c","Bear Creek Lodge 408 4 Bedroom Condo by Alpine Lodging Telluride",true,"liteapi"
"lp656c9612-0","https://static.cupid.travel/hotels/ex_8695e55f_z.jpg","balance & terrace","lp656c9612","Bear Creek Lodge 409 4 Bedroom Condo by Alpine Lodging Telluride",true,"liteapi"
"lp65711a72-0","https://static.cupid.travel/hotels/500516677.jpg","balance & terrace","lp65711a72","Bear Creek Lodge 409 by Alpine Lodging Telluride",true,"liteapi"
"lp656c8d11-0","https://static.cupid.travel/hotels/ex_fff1f221_z.jpg","balance & terrace","lp656c8d11","Bear Creek Lodge 410 4 Bedroom Condo by Alpine Lodging Telluride",true,"liteapi"
"lp656c9168-0","https://static.cupid.travel/hotels/ex_cd92e93e_z.jpg","balance & terrace","lp656c9168","Bear Creek Lodge 411 4 Bedroom Condo by Alpine Lodging Telluride",true,"liteapi"
"lp65711c9f-0","https://static.cupid.travel/hotels/500445025.jpg","balance & terrace","lp65711c9f","Bear Creek Lodge 411 by Alpine Lodging Telluride",true,"liteapi"
"lp656c988b-0","https://static.cupid.travel/hotels/ex_caba8fcf_z.jpg","balance & terrace","lp656c988b","Bear Creek Lodge 412 4 Bedroom Condo by Alpine Lodging Telluride",true,"liteapi"
"lp65711d8c-0","https://static.cupid.travel/hotels/500363334.jpg","balance & terrace","lp65711d8c","Bear Creek Lodge 412 by Alpine Lodging Telluride",true,"liteapi"
"lp36f78-0","https://static.cupid.travel/hotels/432688551.jpg","building","lp36f78","Bear Creek Lodge by Alpine Lodging Telluride",true,"liteapi"
"lp6570bd38-0","https://static.cupid.travel/hotels/601048306.jpg","building","lp6570bd38","Bear Lodge - Modern log home at easy ski-in-out location",true,"liteapi"
"lp657b0967-0","https://static.cupid.travel/hotels/571513847.jpg","hotel room","lp657b0967","Beautiful Modern In-town Studio with Kitchenette",true,"liteapi"
"lp65767eda-0","https://static.cupid.travel/hotels/606168803.jpg","building","lp65767eda","Beautiful Mountain Lodge Ski in Ski out",true,"liteapi"
"lp656c74ff-0","https://static.cupid.travel/hotels/ex_46fc420f_z.jpg","building","lp656c74ff","Belvedere 4 3 Bedroom Townhouse by RedAwning",true,"liteapi"
"lp100853-0","https://static.cupid.travel/hotels/ex_35d1d2f0_z.jpg","building","lp100853","Belvedere Park 1",true,"liteapi"
"lp65705761-0","https://static.cupid.travel/hotels/605504204.jpg","building","lp65705761","Best Ever Vista at Cassidy Ridge - perfect ski-in!",true,"liteapi"
"lp657be103-0","https://static.cupid.travel/hotels/401404823.jpg","building","lp657be103","Blue Collar Boutique: Affordable Adventure",true,"liteapi"
"lp65874300-0","https://static.cupid.travel/hotels/ex_45ca06bd_z.jpg","","lp65874300","Blue Mesa 2 Unit Buyout by Avantstay 2 Units Centrally Located Ski In Ski Out Unit",true,"liteapi"
"lp65584fec-0","https://static.cupid.travel/hotels/ex_9c20f600_z.jpg","balance & terrace","lp65584fec","Blue Mesa 2 Unit Buyout by Avantstay 2 Units Centrally Located Ski In/ Ski Out Unit!",true,"liteapi"
"lp65584f7c-0","https://static.cupid.travel/hotels/ex_5f37ae42_z.jpg","building","lp65584f7c","Blue Mesa Lodge 23C by Avantstay Functional Ski In/ski Out Studio w/ Balcony in Great Location!",true,"liteapi"
"lp658742f5-0","https://static.cupid.travel/hotels/ex_454afbb7_z.jpg","","lp658742f5","Blue Mesa Lodge 32A by Avantstay Located In The Heart Of Mountain Village w Prime Skiing Access",true,"liteapi"
"lp6571fb13-0","https://static.cupid.travel/hotels/ex_9494b5df_z.jpg","building","lp6571fb13","Blue Mesa Lodge 32A by Avantstay Located In The Heart Of Mountain Village w/ Prime Skiing Access",true,"liteapi"
"lp658805b7-0","https://static.cupid.travel/hotels/ex_c0af812e_z.jpg","","lp658805b7","Blue Mesa Lodge 40A by Avantstay Ski In/ Ski Out Unit w/ Balcony!",true,"liteapi"
"lp656e9b2c-0","https://static.cupid.travel/hotels/ex_83ba1ade_z.jpg","balance & terrace","lp656e9b2c","Blue Mesa Lodge 40B by Avantstay Ski In/ Ski Out Unit w/ Balcony!",true,"liteapi"
"lp65880481-0","https://static.cupid.travel/hotels/ex_bec3e92d_z.jpg","","lp65880481","Blue Mesa Lodge 40C by Avantstay Ski In/ Ski Out Unit w/ Balcony!",true,"liteapi"
"lp65874418-0","https://static.cupid.travel/hotels/ex_w2996h2000x4y0-61ad5b7e_z.jpg","","lp65874418","Blue Mesa Penthouse by Avantstay Buyout of 3 Units Ski-in Ski-out Condo",true,"liteapi"
"lp6558380e-0","https://static.cupid.travel/hotels/ex_66f3d176_z.jpg","balance & terrace","lp6558380e","Blue Mesa Penthouse by Avantstay Buyout of 3 Units Ski-in/ski-out Condo",true,"liteapi"
"lpa06a7-0","https://static.cupid.travel/hotels/ex_934dc481_z.jpg","building","lpa06a7","Boomerang Lodge 3 2 Bedroom Condo By Accommodations in Telluride",true,"liteapi"
"lpa049e-0","https://static.cupid.travel/hotels/ex_ed5b3b3d_z.jpg","building","lpa049e","Boomerang Lodge 5 2 Bedroom Condo By Accommodations in Telluride",true,"liteapi"
"lp656c0de5-0","https://static.cupid.travel/hotels/ex_1fab5c25_z.jpg","building","lp656c0de5","Boomerang Village 201 by Avantstay Ski In/ Ski Out Unit Close to Town!",true,"liteapi"
"lpa0462-0","https://static.cupid.travel/hotels/ex_1a4f27ee_z.jpg","hotel room","lpa0462","Boomerang Village 206 1 Bedroom Condo By Accommodations in Telluride",true,"liteapi"
"lp6579cd15-0","https://static.cupid.travel/hotels/435665936.jpg","building","lp6579cd15","Box Canyon View",true,"liteapi"
"lp656cc405-0","https://static.cupid.travel/hotels/ex_11c826d9_z.jpg","building","lp656cc405","Bright Downtown Telluride Condo - Steps to Lift!",true,"liteapi"
"lpa0351-0","https://static.cupid.travel/hotels/ex_3e3f1772_z.jpg","balance & terrace","lpa0351","Buena Vista at Riverside 2 Bedroom Condo by Accommodations in Telluride",true,"liteapi"
"lp2be73-0","https://static.cupid.travel/hotels/ex_b3a2e4b8_z.jpg","building","lp2be73","Camel's Garden Hotel",true,"liteapi"
"lp656eaa15-0","https://static.cupid.travel/hotels/595563939.jpg","building","lp656eaa15","Camp Telluride - golf course, views, hot tub, gym!",true,"liteapi"
"lp657e20b4-0","https://static.cupid.travel/hotels/387730675.jpg","building","lp657e20b4","Canyon View Retreat",true,"liteapi"
"lpa079c-0","https://static.cupid.travel/hotels/ex_3ca56c42_z.jpg","building","lpa079c","Cascades A 1 4 Bedroom Condo By Accommodations in Telluride",true,"liteapi"
"lp33e92a-0","https://static.cupid.travel/hotels/ex_836cca45_z.jpg","building","lp33e92a","Cassidy Ridge B302",true,"liteapi"
"lp32246c-0","https://static.cupid.travel/hotels/ex_39a082f6_z.jpg","building","lp32246c","Cassidy Ridge C301- Fawns Leap",true,"liteapi"
"lp65584fa3-0","https://static.cupid.travel/hotels/ex_e1a70a5c_z.jpg","building","lp65584fa3","Centrum 302 by Avantstay Gorgeous Condo w/ Great Views & Steps Away From Ski Runs!",true,"liteapi"
"lp656c84e9-0","https://static.cupid.travel/hotels/ex_3d7a6f99_z.jpg","recepcion & lobby","lp656c84e9","Chalet Chic Condo, Short Walk To Lift 7, Covered Parking 2 Bedroom Condo by RedAwning",true,"liteapi"
"lp33f05b-0","https://static.cupid.travel/hotels/ex_6c3b8fe6_z.jpg","building","lp33f05b","Charlie's Place B",true,"liteapi"
"lp656c8bb0-0","https://static.cupid.travel/hotels/427982132.jpg","building","lp656c8bb0","Charming Studio w Kitchenette, Hot Tub Near River condo",true,"liteapi"
"lpa0651-0","https://static.cupid.travel/hotels/ex_7f5cb57e_z.jpg","recepcion & lobby","lpa0651","Chez Coco 2 Bedroom Holiday home By Accommodations in Telluride",true,"liteapi"
"lp656c8bd0-0","https://static.cupid.travel/hotels/ex_2872ad9a_z.jpg","building","lp656c8bd0","Chic, Modern Walk Anywhere @ Viking Lodge 206 1 Bedroom Condo by RedAwning",true,"liteapi"
"lp322757-0","https://static.cupid.travel/hotels/ex_8b298c90_z.jpg","building","lp322757","Christel - Peaceful West End Home, Downtown Telluride, Walk to Ski",true,"liteapi"
"lp65874324-0","https://static.cupid.travel/hotels/ex_20845b27_z.jpg","","lp65874324","Cimarron Lodge 14 by Avantstay Ski-in Ski-out Property in Complex w Two Hot Tubs Permit 3601",true,"liteapi"
"lp65583a57-0","https://static.cupid.travel/hotels/ex_df667877_z.jpg","building","lp65583a57","Cimarron Lodge 14 by Avantstay Ski-in/ski-out Property in Complex w/ Two Hot Tubs! Permit#3601",true,"liteapi"
"lp65708063-0","https://static.cupid.travel/hotels/ex_2591627e_z.jpg","building","lp65708063","Cimarron Lodge 16 2 Bedroom Condo by RedAwning",true,"liteapi"
"lp65583a7b-0","https://static.cupid.travel/hotels/ex_99c00997_z.jpg","building","lp65583a7b","Cimarron Lodge 20 by Avantstay Ski In/ Ski Out Condo in Ideally Located Complex w/ Hot Tubs!",true,"liteapi"
"lp6587e04d-0","https://static.cupid.travel/hotels/ex_288a3c87_z.jpg","","lp6587e04d","Cimarron Lodge 22 1 Bedroom Condo",true,"liteapi"
"lp655852e2-0","https://static.cupid.travel/hotels/ex_74f59eee_z.jpg","building","lp655852e2","Cimarron Lodge 22 by Avantstay Ski-in/ski-out Property in Complex w/ Two Hot Tubs! Permit#12986",true,"liteapi"
"lp4b520-0","https://static.cupid.travel/hotels/523775399.jpg","building","lp4b520","Cimarron Lodge 22 by AvantStay Ski-InSki-Out Property in Complex w Two Hot Tubs Permit12986",true,"liteapi"
"lp65585273-0","https://static.cupid.travel/hotels/ex_eb28e47e_z.jpg","building","lp65585273","Cimarron Lodge 27 by Avantstay Ski-in/ski-out Property in Complex w/ Two Hot Tubs! Permit#10026",true,"liteapi"
"lp656c943e-0","https://static.cupid.travel/hotels/ex_621d7ccc_z.jpg","building","lp656c943e","Cimarron Lodge 33 2 Bedroom Condo by RedAwning",true,"liteapi"
"lp65867606-0","https://static.cupid.travel/hotels/ex_112a6433_z.jpg","","lp65867606","Cimarron Lodge 35 2 Bedroom Condo",true,"liteapi"
"lp65585743-0","https://static.cupid.travel/hotels/ex_c5cc8b2c_z.jpg","balance & terrace","lp65585743","Cimarron Lodge 35 by Avantstay Ski-in/ski-out Property in Complex w/ Two Hot Tubs!",true,"liteapi"
"lp65583ac2-0","https://static.cupid.travel/hotels/ex_0ad3eadf_z.jpg","building","lp65583ac2","Cimarron Lodge 50 by Avantstay Ski-in/ski-out Property in Complex w/ Two Hot Tubs!",true,"liteapi"
"lp655852e5-0","https://static.cupid.travel/hotels/ex_c4bba0fb_z.jpg","building","lp655852e5","Cimarron Lodge 7 by Avantstay Ski-in/ski-out Property in Complex w/ Two Hot Tubs!",true,"liteapi"
"lp656c8c2e-0","https://static.cupid.travel/hotels/ex_cd919714_z.jpg","building","lp656c8c2e","Clean, Cozy Riverside Condo, Walk Everywhere @ Viking Lodge 212 1 Bedroom Condo by RedAwning",true,"liteapi"
"lp656c8502-0","https://static.cupid.travel/hotels/ex_ca5f4753_z.jpg","building","lp656c8502","Cloud Nine! Near Chair 7, Top Floor On River + Hot Tub 1 Bedroom Condo by RedAwning",true,"liteapi"
"lp65713c13-0","https://static.cupid.travel/hotels/ex_36e9c42e_z.jpg","building","lp65713c13","Columbia Place 5 by Avantstay Ski-in/ski-out Unit in Great Location!",true,"liteapi"
"lp853d3-0","https://static.cupid.travel/hotels/ex_82afd8c2_z.jpg","building","lp853d3","Columbia Place 8 1 BedrmCondo By Accommodations in Telluride",true,"liteapi"
"lpc0214-0","https://static.cupid.travel/hotels/ex_6de09d41_z.jpg","building","lpc0214","Columbine House",true,"liteapi"
"lp656c8c2d-0","https://static.cupid.travel/hotels/ex_475c84bd_z.jpg","building","lp656c8c2d","Comfort, Style, Short Walk To Town Park & Gondola 1 Bedroom Condo by RedAwning",true,"liteapi"
"lp656c8bd5-0","https://static.cupid.travel/hotels/ex_a55f457d_z.jpg","building","lp656c8bd5","Comfy Casual Near Gondola & Main Street! @ Needle Rock 3 2 Bedroom Condo by RedAwning",true,"liteapi"
"lpa07bb-0","https://static.cupid.travel/hotels/ex_03a39bd6_z.jpg","hotel room","lpa07bb","Cornet Creek 301 3 Bedroom Condo By Accommodations in Telluride",true,"liteapi"
"lp656cc6c8-0","https://static.cupid.travel/hotels/ex_6b2b8ac9_z.jpg","building","lp656cc6c8","Cozy Telluride Condo Near Ski Resort & Hiking",true,"liteapi"
"lp6558527a-0","https://static.cupid.travel/hotels/ex_20d256d0_z.jpg","building","lp6558527a","Crystal Chalet 12 by Avantstay Close to Town w/ Views of San Sofia Ridge",true,"liteapi"
"lp65729d7c-0","https://static.cupid.travel/hotels/517034986.jpg","building","lp65729d7c","Designer Unit -Center of Town of Telluride, steps to Gondola and town park",true,"liteapi"
"lp6558513a-0","https://static.cupid.travel/hotels/ex_ef21f60a_z.jpg","building","lp6558513a","Diamondtooth Cottage by Avantstay Cottage in Historic Telluride w/ Ski Access Permit #:16096",true,"liteapi"
"lp657227f5-0","https://static.cupid.travel/hotels/ex_5724cdf5_z.jpg","building","lp657227f5","Double Diamond 1 3 Bedroom Townhouse",true,"liteapi"
"lp655835a6-0","https://static.cupid.travel/hotels/ex_ba7ef328_z.jpg","building","lp655835a6","Double Diamond 23 by Avantstay Close to Town & The Slopes!",true,"liteapi"
"lp6587431a-0","https://static.cupid.travel/hotels/ex_21973128_z.jpg","","lp6587431a","Double Diamond 23 by Avantstay Close to Town The Slopes",true,"liteapi"
"lp18cd41-0","https://static.cupid.travel/hotels/459702571.jpg","building","lp18cd41","Dunton Town House Hotel",true,"liteapi"
"lp656c988a-0","https://static.cupid.travel/hotels/ex_89589ce0_z.jpg","building","lp656c988a","East Side Hideaway 3 Bedroom Condo by RedAwning",true,"liteapi"
"lpa048a-0","https://static.cupid.travel/hotels/ex_64b343da_z.jpg","dining","lpa048a","Eclectic on Main Street 2 Bedroom Condo By Accommodations in Telluride",true,"liteapi"
"lpa04e6-0","https://static.cupid.travel/hotels/ex_068001a0_z.jpg","balance & terrace","lpa04e6","El Diente A 2 Bedroom Holiday home By Accommodations in Telluride",true,"liteapi"
"lp6dfb6-0","https://static.cupid.travel/hotels/197047979.jpg","building","lp6dfb6","Element 52, Auberge Collection",true,"liteapi"
"lp6573c428-0","https://static.cupid.travel/hotels/579414252.jpg","balance & terrace","lp6573c428","Elk View Basecamp - wildlife and convenience!",true,"liteapi"
"lp65693813-0","https://static.cupid.travel/hotels/530924796.jpg","building","lp65693813","Elk View Lodge",true,"liteapi"
"lp6558511d-0","https://static.cupid.travel/hotels/ex_ae1dc128_z.jpg","building","lp6558511d","Emerald Elk at Village Creek by Avantstay Close to Slopes & Village w/ Views",true,"liteapi"
"lp65752ea1-0","https://static.cupid.travel/hotels/ex_90cad762_z.jpg","building","lp65752ea1","Entrada A 3 Bedroom Townhouse by RedAwning",true,"liteapi"
"lp65874306-0","https://static.cupid.travel/hotels/ex_32d299bc_z.jpg","","lp65874306","Etta Place 1 by Avantstay Ski In Ski Out Unit w Views of the Slopes",true,"liteapi"
"lp655838a3-0","https://static.cupid.travel/hotels/ex_650ba09b_z.jpg","building","lp655838a3","Etta Place 1 by Avantstay Ski In/ Ski Out Unit w/ Views of the Slopes!",true,"liteapi"
"lp656ec87b-0","https://static.cupid.travel/hotels/ex_5e7eb9f9_z.jpg","building","lp656ec87b","Etta Place 111 2 Bedroom Condo by RedAwning",true,"liteapi"
"lp655850ee-0","https://static.cupid.travel/hotels/ex_e3dbd714_z.jpg","building","lp655850ee","Etta Place 5 by Avantstay Ski In/ Ski Out Unit w/ Views of the Valley!",true,"liteapi"
"lp656ecb5e-0","https://static.cupid.travel/hotels/ex_dfe8260c_z.jpg","building","lp656ecb5e","Etta Place 6 by Avantstay Ski In/ Ski Out Unit!",true,"liteapi"
"lp656f281e-0","https://static.cupid.travel/hotels/ex_9b95db08_z.jpg","building","lp656f281e","Etta Place 7 by Avantstay Ski In/ Ski Out Unit w/ Striking Views!",true,"liteapi"
"lp6558511f-0","https://static.cupid.travel/hotels/ex_3863d7b6_z.jpg","building","lp6558511f","Etta Place Too 103 by Avantstay Close to Town & The Slopes! In Complex w/ Communal Pool & Hot Tub",true,"liteapi"
"lp655838dc-0","https://static.cupid.travel/hotels/ex_28281589_z.jpg","building","lp655838dc","Etta Place Too 107 by Avantstay Close to Town & The Slopes! In Complex w/ Communal Pool & Hot Tub",true,"liteapi"
"lp6558525d-0","https://static.cupid.travel/hotels/ex_01ed18b6_z.jpg","building","lp6558525d","Etta Place Too 113 by Avantstay Close to Town & The Slopes! In Complex w/ Communal Pool & Hot Tub",true,"liteapi"
"lp6587431f-0","https://static.cupid.travel/hotels/ex_307ce636_z.jpg","","lp6587431f","Etta Place Too 113 by Avantstay Close to Town The Slopes In Complex w Communal Pool Hot Tub",true,"liteapi"
"lp65809602-0","https://static.cupid.travel/hotels/387732873.jpg","building","lp65809602","Evercrisp of Telluride",true,"liteapi"
"lp657d6872-0","https://static.cupid.travel/hotels/387731494.jpg","building","lp657d6872","Evergreen at Prospect Falls",true,"liteapi"
"lp3d0c1-0","https://static.cupid.travel/hotels/550385969.jpg","building","lp3d0c1","Fairmont Heritage Place, Franz Klammer Lodge",true,"liteapi"
"lpa0777-0","https://static.cupid.travel/hotels/ex_0b38e43a_z.jpg","building","lpa0777","Fall Line 207 2 Bedroom Condo By Accommodations in Telluride",true,"liteapi"
"lp65707537-0","https://static.cupid.travel/hotels/598684393.jpg","building","lp65707537","Forbes 5 Star Luxury Hotel - 1 Br Ski-in Ski-out Residence in Mountain Village Colorado",true,"liteapi"
"lp657d0fe1-0","https://static.cupid.travel/hotels/498774577.jpg","building","lp657d0fe1","Four-Bedroom House",true,"liteapi"
"lp3226d4-0","https://static.cupid.travel/hotels/ex_f17af96d_z.jpg","building","lp3226d4","FOX Farm Retreat",true,"liteapi"
"lp656bf584-0","https://static.cupid.travel/hotels/ex_03142c72_z.jpg","building","lp656bf584","Fox Farm Retreat: Hillside Telluride Home w/ Sauna",true,"liteapi"
"lp6574364f-0","https://static.cupid.travel/hotels/ex_00d4cc7f_z.jpg","building","lp6574364f","Franz Klammer 2 Bedroom",true,"liteapi"
"lp6574364c-0","https://static.cupid.travel/hotels/ex_95d8ce8d_z.jpg","building","lp6574364c","Franz Klammer 3 Bedroom",true,"liteapi"
"lp656f5ba3-0","https://static.cupid.travel/hotels/ex_009d9795_z.jpg","building","lp656f5ba3","Franz Klammer 3 Bedroom 2",true,"liteapi"
"lp29322d-0","https://static.cupid.travel/hotels/ex_3c04f8ef_z.jpg","building","lp29322d","Franz Klammer by Luxury Mountain",true,"liteapi"
"lp6558524a-0","https://static.cupid.travel/hotels/ex_5e9af9df_z.jpg","building","lp6558524a","Ghostriders 10 by Avantstay Penthouse Suite w/ Large Patio & Mountain Views!",true,"liteapi"
"lp655852b8-0","https://static.cupid.travel/hotels/ex_ff1c84a1_z.jpg","building","lp655852b8","Ghostriders 11 by Avantstay Top Floor Condo w/ Large Patio & Mountain Views!",true,"liteapi"
"lp65583a5d-0","https://static.cupid.travel/hotels/ex_437bf5b1_z.jpg","balance & terrace","lp65583a5d","Ghostriders 2 by Avantstay Tidy Unit Close to the Slopes and Shops!",true,"liteapi"
"lp65874326-0","https://static.cupid.travel/hotels/ex_969e1c0b_z.jpg","","lp65874326","Ghostriders 5 by Avantstay 2 Bedroom Condo Near Main Street Hiking Skiing STR Permit 3571",true,"liteapi"
"lp655852a6-0","https://static.cupid.travel/hotels/ex_d578ff3e_z.jpg","building","lp655852a6","Ghostriders 5 by Avantstay 2 Bedroom Condo Near Main Street, Hiking & Skiing STR Permit #3571",true,"liteapi"
"lp656c8c64-0","https://static.cupid.travel/hotels/ex_d189c1d7_z.jpg","building","lp656c8c64","Giant Riverfront Deck W Grill, Tons Of Space @ Viking Lodge 100ab 4 Bedroom Condo by RedAwning",true,"liteapi"
"lp65585338-0","https://static.cupid.travel/hotels/ex_c65c08ee_z.jpg","building","lp65585338","Gold Dust Crossing A4 by Avantstay Telluride Gem in Great Location",true,"liteapi"
"lp65874335-0","https://static.cupid.travel/hotels/ex_39221b21_z.jpg","","lp65874335","Gold Dust Crossing A4 by Avantstay Telluride Gem in Great Location",true,"liteapi"
"lpa04c8-0","https://static.cupid.travel/hotels/ex_eeb856b4_z.jpg","building","lpa04c8","Gold Panner's Alley 2 Bedroom Condo By Accommodations in Telluride",true,"liteapi"
"lp853d9-0","https://static.cupid.travel/hotels/ex_48033ae1_z.jpg","balance & terrace","lp853d9","Granita 301",true,"liteapi"
"lp656c8517-0","https://static.cupid.travel/hotels/ex_8e2c0998_z.jpg","","lp656c8517","Ground Floor On River Trail, Walk To Ski 1 Bedroom Condo by RedAwning",true,"liteapi"
"lp65721119-0","https://static.cupid.travel/hotels/427982039.jpg","building","lp65721119","Ground Floor on River Trail, Walk to Ski condo",true,"liteapi"
"lp656c8bfb-0","https://static.cupid.travel/hotels/ex_546e117f_z.jpg","building","lp656c8bfb","Ground Floor W/ River Trail Patio + Walk To Chair 7! Viking Lodge 116 1 Bedroom Condo by RedAwning",true,"liteapi"
"lp65729f3a-0","https://static.cupid.travel/hotels/599921642.jpg","balance & terrace","lp65729f3a","Have It All Ski in out Affordable Too",true,"liteapi"
"lp6574edb5-0","https://static.cupid.travel/hotels/275597734.jpg","building","lp6574edb5","Haven on South Oak",true,"liteapi"
"lp656c8c00-0","https://static.cupid.travel/hotels/ex_545f0601_z.jpg","building","lp656c8c00","Hidden Gem, 4 Min To Lift 7 Garage, Hot Tub, Lux Kitchen, Big + Bright 4 Bedroom Condo by RedAwning",true,"liteapi"
"lp655663cf-0","https://static.cupid.travel/hotels/ex_d2dcc593_z.jpg","building","lp655663cf","Hilltop Hideaway - Expansive Views From This Private Estate, Hot Tub, Pool Table",true,"liteapi"
"lp7924d-0","https://static.cupid.travel/hotels/ex_1b632d19_z.jpg","","lp7924d","Hotel Columbia",true,"liteapi"
"lp658637ba-0","https://static.cupid.travel/hotels/ex_d55fce78_z.jpg","","lp658637ba","Hruza Hideout by Avantstay Quiet Apartment in Telluride s Historic District Permit 16094",true,"liteapi"
"lp65585234-0","https://static.cupid.travel/hotels/ex_f1db1464_z.jpg","building","lp65585234","Hruza Hideout by Avantstay Walkable Location + Free Ski Shuttle, Mountain View",true,"liteapi"
"lp656c8bff-0","https://static.cupid.travel/hotels/ex_457cb569_z.jpg","building","lp656c8bff","Huge Riverfront Deck + Walk Everywhere Viking Lodge 100a 3 Bedroom Condo by RedAwning",true,"liteapi"
"lp656c9572-0","https://static.cupid.travel/hotels/ex_6a47bde6_z.jpg","building","lp656c9572","Ice House 317 2 Bedroom Condo by RedAwning",true,"liteapi"
"lp66f37-0","https://static.cupid.travel/hotels/ex_c8a20207_z.jpg","building","lp66f37","Ice House Suites and Condominiums",true,"liteapi"
"lp31628-0","https://static.cupid.travel/hotels/17796784.jpg","building","lp31628","Inn at Lost Creek",true,"liteapi"
"lp853e3-0","https://static.cupid.travel/hotels/ex_111b068c_z.jpg","balance & terrace","lp853e3","Kayenta 4",true,"liteapi"
"lp65585004-0","https://static.cupid.travel/hotels/ex_25203920_z.jpg","","lp65585004","Le Chamonix B by Avantstay Located In Mountain Village, Close to Golf Course & Skiing",true,"liteapi"
"lp65584ff2-0","https://static.cupid.travel/hotels/ex_5cbb4c03_z.jpg","building","lp65584ff2","Le Chamonix D by Avantstay Located In Mountain Village, Close to Golf Course & Skiing",true,"liteapi"
"lp655838ad-0","https://static.cupid.travel/hotels/ex_97c4d07d_z.jpg","building","lp655838ad","Le Chamonix I by Avantstay Condo w/ Views in Great Location",true,"liteapi"
"lp65584dbb-0","https://static.cupid.travel/hotels/ex_68871a7c_z.jpg","building","lp65584dbb","Legacy House by Avantstay Beautiful 4bdr Home in Great Location w/ Hot Tub",true,"liteapi"
"lp6576e14e-0","https://static.cupid.travel/hotels/599922201.jpg","balance & terrace","lp6576e14e","Lift 7 and Gondola 1block SaltWaterPoolHottub and Riverview",true,"liteapi"
"lp656c8c1e-0","https://static.cupid.travel/hotels/ex_a96098f1_z.jpg","building","lp656c8c1e","Lift 7 Ski In/out Hot Tub, Ski Locker, Garage Parking + Shuttle To Gondola 2 Bedroom Condo by RedAwning",true,"liteapi"
"lp656c8c5f-0","https://static.cupid.travel/hotels/ex_6acc0fbc_z.jpg","building","lp656c8c5f","Lodge Life! Walk Or Shuttle To Lifts + Fireplace, Hot Tub 2 Bedroom Condo by RedAwning",true,"liteapi"
"lp6558531f-0","https://static.cupid.travel/hotels/ex_27b34190_z.jpg","balance & terrace","lp6558531f","Lorian 8 by Avantstay Relaxing Home Close to Slopes & Hiking Trails",true,"liteapi"
"lpa073d-0","https://static.cupid.travel/hotels/ex_d8b2d5d2_z.jpg","building","lpa073d","Lulu City 3F 2 Bedroom Condo By Accommodations in Telluride",true,"liteapi"
"lp655850de-0","https://static.cupid.travel/hotels/ex_5ed69391_z.jpg","balance & terrace","lp655850de","Lulu City 4B by Avantstay Beautiful Condo 100 Yards From Lift #7 Permit #:3639",true,"liteapi"
"lpa0458-0","https://static.cupid.travel/hotels/ex_38cb8444_z.jpg","recepcion & lobby","lpa0458","Lulu City 4C 2 Bedroom Condo By Accommodations in Telluride",true,"liteapi"
"lp656bda2c-0","https://static.cupid.travel/hotels/ex_8ce21002_z.jpg","building","lp656bda2c","Lulu City 5B by Avantstay Across From Lift #7 10-minute Walk to Downtown",true,"liteapi"
"lp65874315-0","https://static.cupid.travel/hotels/ex_921369df_z.jpg","","lp65874315","Lulu City 5B by Avantstay Across From Lift 7 10-minute Walk to Downtown",true,"liteapi"
"lp65585132-0","https://static.cupid.travel/hotels/ex_2be2e86f_z.jpg","recepcion & lobby","lp65585132","Lulu City 5C by Avantstay Practical Condo Near the Slopes & Downtown",true,"liteapi"
"lp655838e4-0","https://static.cupid.travel/hotels/ex_c510ec9d_z.jpg","recepcion & lobby","lp655838e4","Lulu City 6K by Avantstay Condo in Great Location Close to Skiing & Downtown",true,"liteapi"
"lp4153f-0","https://static.cupid.travel/hotels/77203022.jpg","building","lp4153f","Lumiere by Dunton",true,"liteapi"
"lp656c598b-0","https://static.cupid.travel/hotels/ex_cf28a11d_z.jpg","building","lp656c598b","Lux Home W/ Gas Fireplace, Hot Tub, 8 Min To Lift 7 Bunk Room For Kids! 4 Bedroom Home by RedAwning",true,"liteapi"
"lp656df05e-0","https://static.cupid.travel/hotels/427981824.jpg","building","lp656df05e","Lux Home with Gas Fireplace, Hot Tub, 8 min to lift 7 - Bunk Room for Kids! home",true,"liteapi"
"lp656cbb60-0","https://static.cupid.travel/hotels/ex_50d774c2_z.jpg","building","lp656cbb60","Luxurious Ski-in/ski-out Telluride Mountain Escape",true,"liteapi"
"lp656cc665-0","https://static.cupid.travel/hotels/ex_15ab85c5_z.jpg","building","lp656cc665","Luxurious Ski-in/ski-out Telluride Penthouse!",true,"liteapi"
"lp657fb5dc-0","https://static.cupid.travel/hotels/451941540.jpg","building","lp657fb5dc","Luxury Auberge Madeline Residence Building",true,"liteapi"
"lp657364a3-0","https://static.cupid.travel/hotels/569460423.jpg","building","lp657364a3","Luxury Condo - Open for Bluegrass",true,"liteapi"
"lp657002d3-0","https://static.cupid.travel/hotels/478590565.jpg","building","lp657002d3","Luxury Downtown Telluride - Creekside Condo - Walk to Chair 7!",true,"liteapi"
"lp657ce38e-0","https://static.cupid.travel/hotels/606258410.jpg","building","lp657ce38e","Luxury Lodge with Breathtaking Views",true,"liteapi"
"lp65717093-0","https://static.cupid.travel/hotels/414627686.jpg","balance & terrace","lp65717093","Luxury Residence at a 5 Star Hotel at the Heart of Mountain Village - Telluride",true,"liteapi"
"lp656c58e7-0","https://static.cupid.travel/hotels/ex_283fad59_z.jpg","building","lp656c58e7","Luxury Townhome On Depot. 3 Mins Walk To Main St/gondola. Heated Garage, Private Roof Top Hot Tub. 4 Bedroom Townhouse by RedAwning",true,"liteapi"
"lp4b27f-0","https://static.cupid.travel/hotels/ex_e984cc96_z.jpg","building","lp4b27f","Madeline Hotel & Residences, Auberge Collection",true,"liteapi"
"lpa0781-0","https://static.cupid.travel/hotels/ex_d0a88019_z.jpg","balance & terrace","lpa0781","Madison Pacific 1 Bedroom Condo By Accommodations in Telluride",true,"liteapi"
"lp65585742-0","https://static.cupid.travel/hotels/476884212.jpg","building","lp65585742","Manitou Lodge 1 by Alpine Lodging Telluride",true,"liteapi"
"lp656d905c-0","https://static.cupid.travel/hotels/ex_ac48c2af_z.jpg","","lp656d905c","Manitou Lodge 10 Hotel Room by Alpine Lodging Telluride",true,"liteapi"
"lp656d90ae-0","https://static.cupid.travel/hotels/476535270.jpg","balance & terrace","lp656d90ae","Manitou Lodge 11 by Alpine Lodging Telluride",true,"liteapi"
"lp655835d8-0","https://static.cupid.travel/hotels/ex_9a27bec7_z.jpg","balance & terrace","lp655835d8","Manitou Lodge 11 Hotel Room by Alpine Lodging Telluride",true,"liteapi"
"lp656d8dae-0","https://static.cupid.travel/hotels/476895081.jpg","building","lp656d8dae","Manitou Lodge 2 by Alpine Lodging Telluride",true,"liteapi"
"lp656d90a4-0","https://static.cupid.travel/hotels/476895536.jpg","building","lp656d90a4","Manitou Lodge 3 by Alpine Lodging Telluride",true,"liteapi"
"lp6586b48c-0","https://static.cupid.travel/hotels/526461716.jpg","hotel room","lp6586b48c","Manitou Lodge 4 by Alpine Lodging Telluride",true,"liteapi"
"lp656d909c-0","https://static.cupid.travel/hotels/476884206.jpg","building","lp656d909c","Manitou Lodge 5 by Alpine Lodging Telluride",true,"liteapi"
"lp656d90a2-0","https://static.cupid.travel/hotels/476894790.jpg","building","lp656d90a2","Manitou Lodge 6 by Alpine Lodging Telluride",true,"liteapi"
"lp656d906c-0","https://static.cupid.travel/hotels/476528633.jpg","balance & terrace","lp656d906c","Manitou Lodge 7 by Alpine Lodging Telluride",true,"liteapi"
"lp656d9267-0","https://static.cupid.travel/hotels/476535249.jpg","lounge","lp656d9267","Manitou Lodge 8 by Alpine Lodging Telluride",true,"liteapi"
"lp656d8db6-0","https://static.cupid.travel/hotels/ex_e728ce75_z.jpg","balance & terrace","lp656d8db6","Manitou Lodge 9 Hotel Room by Alpine Lodging Telluride",true,"liteapi"
"lp6587441d-0","https://static.cupid.travel/hotels/ex_9ec2c16e_z.jpg","","lp6587441d","Manitou River House 113 by Avantstay A Location",true,"liteapi"
"lp656fdc2d-0","https://static.cupid.travel/hotels/ex_aecf0b6f_z.jpg","building","lp656fdc2d","Manitou River House 113 by Avantstay A+ Location",true,"liteapi"
"lp65584fef-0","https://static.cupid.travel/hotels/ex_39b19089_z.jpg","building","lp65584fef","Manitou Riverhouse 115 by Avantstay Spacious Condo in the Centre of Telluride",true,"liteapi"
"lp85913-0","https://static.cupid.travel/hotels/513452466.jpg","building","lp85913","Manitou Riverhouse 115 by AvantStay Spacious Condo in the Centre of Telluride",true,"liteapi"
"lpa050c-0","https://static.cupid.travel/hotels/ex_758c86f7_z.jpg","building","lpa050c","Mariemont 5 Bedroom Holiday home By Accommodations in Telluride",true,"liteapi"
"lp656c8c09-0","https://static.cupid.travel/hotels/ex_5fb70722_z.jpg","building","lp656c8c09","Modern Comfort River/mtn Views + Hot Tub 1 Bedroom Condo by RedAwning",true,"liteapi"
"lp6573866a-0","https://static.cupid.travel/hotels/599921589.jpg","building","lp6573866a","Most Luxurious1Br in town And steps to the Gondola",true,"liteapi"
"lp656c8352-0","https://static.cupid.travel/hotels/ex_073b7c1e_z.jpg","","lp656c8352","Mountain Hideaway W River Views + Walk To Chair 7 @ Viking Lodge 315 1 Bedroom Condo by RedAwning",true,"liteapi"
"lp35351-0","https://static.cupid.travel/hotels/492615046.jpg","building","lp35351","Mountain Lodge Telluride",true,"liteapi"
"lp656c5d5d-0","https://static.cupid.travel/hotels/ex_ecc36ceb_z.jpg","building","lp656c5d5d","Mountain Luxury At Historic Twin Bricks On South Oak. Brand New Remodel. Steps To Gondola & Main St. 2 Bedroom Townhouse by RedAwning",true,"liteapi"
"lp656cc585-0","https://static.cupid.travel/hotels/ex_95d3b8d0_z.jpg","building","lp656cc585","Mountain Village Home Steps to Ski Lift & Shuttle!",true,"liteapi"
"lp656bd420-0","https://static.cupid.travel/hotels/ex_79218644_z.jpg","building","lp656bd420","Mountain Village Marvel w/ Hot Tub & Home Gym!",true,"liteapi"
"lp656c5dd9-0","https://static.cupid.travel/hotels/ex_283d7723_z.jpg","","lp656c5dd9","Mountain Village Panoramic Views, Hot Tub, Fireplace 3 Bedroom Townhouse by RedAwning",true,"liteapi"
"lp6577cabb-0","https://static.cupid.travel/hotels/427981882.jpg","building","lp6577cabb","Mountain Village Panoramic Views, Hot Tub, Fireplace townhouse",true,"liteapi"
"lp65857a41-0","https://static.cupid.travel/hotels/284328662.jpg","building","lp65857a41","Mountaineer",true,"liteapi"
"lp656c8cd4-0","https://static.cupid.travel/hotels/ex_8c5cbce3_z.jpg","balance & terrace","lp656c8cd4","Mountainside Inn 101 2 Bedroom Condo by Alpine Lodging Telluride",true,"liteapi"
"lp6572e0fc-0","https://static.cupid.travel/hotels/433812779.jpg","balance & terrace","lp6572e0fc","Mountainside Inn 101 by Alpine Lodging Telluride",true,"liteapi"
"lp656c9278-0","https://static.cupid.travel/hotels/ex_2157c682_z.jpg","hotel room","lp656c9278","Mountainside Inn 104 1 Bedroom Condo by Alpine Lodging Telluride",true,"liteapi"
"lp6572e243-0","https://static.cupid.travel/hotels/475781026.jpg","hotel room","lp6572e243","Mountainside Inn 104 by Alpine Lodging Telluride",true,"liteapi"
"lp65716e3b-0","https://static.cupid.travel/hotels/ex_d0a6ec44_z.jpg","parking","lp65716e3b","Mountainside Inn 105 1 Bedroom Hotel Room by Alpine Lodging Telluride",true,"liteapi"
"lp6572d3f8-0","https://static.cupid.travel/hotels/475968495.jpg","hotel room","lp6572d3f8","Mountainside Inn 105 by Alpine Lodging Telluride",true,"liteapi"
"lp656c92a2-0","https://static.cupid.travel/hotels/ex_1fdaf331_z.jpg","building","lp656c92a2","Mountainside Inn 106 1 Bedroom Condo by Alpine Lodging Telluride",true,"liteapi"
"lp65716e5d-0","https://static.cupid.travel/hotels/ex_9c24057a_z.jpg","parking","lp65716e5d","Mountainside Inn 107 1 Bedroom Hotel Room by Alpine Lodging Telluride",true,"liteapi"
"lp6572e57e-0","https://static.cupid.travel/hotels/475796701.jpg","hotel room","lp6572e57e","Mountainside Inn 107 by Alpine Lodging Telluride",true,"liteapi"
"lp65716e5b-0","https://static.cupid.travel/hotels/ex_133df788_z.jpg","hotel room","lp65716e5b","Mountainside Inn 109 1 Bedroom Hotel Room by Alpine Lodging Telluride",true,"liteapi"
"lp65716e68-0","https://static.cupid.travel/hotels/ex_92e22656_z.jpg","parking","lp65716e68","Mountainside Inn 111 1 Bedroom Hotel Room by Alpine Lodging Telluride",true,"liteapi"
"lp6572d8f2-0","https://static.cupid.travel/hotels/475654947.jpg","hotel room","lp6572d8f2","Mountainside Inn 113 by Alpine Lodging Telluride",true,"liteapi"
"lp65716e45-0","https://static.cupid.travel/hotels/ex_6f18641a_z.jpg","hotel room","lp65716e45","Mountainside Inn 114 1 Bedroom Hotel Room by Alpine Lodging Telluride",true,"liteapi"
"lp65716e6a-0","https://static.cupid.travel/hotels/ex_b3bbda42_z.jpg","parking","lp65716e6a","Mountainside Inn 115 1 Bedroom Hotel Room by Alpine Lodging Telluride",true,"liteapi"
"lp65864ae9-0","https://static.cupid.travel/hotels/ex_964fb407_z.jpg","","lp65864ae9","Mountainside Inn 115/117 2 Bedroom Hotel Room",true,"liteapi"
"lp656d907e-0","https://static.cupid.travel/hotels/ex_46e23672_z.jpg","parking","lp656d907e","Mountainside Inn 116 1 Bedroom Hotel Room by Alpine Lodging Telluride",true,"liteapi"
"lp6572d64c-0","https://static.cupid.travel/hotels/433787044.jpg","hotel room","lp6572d64c","Mountainside Inn 116 by Alpine Lodging Telluride",true,"liteapi"
"lp65716e14-0","https://static.cupid.travel/hotels/ex_1d76a52d_z.jpg","parking","lp65716e14","Mountainside Inn 117 1 Bedroom Hotel Room by Alpine Lodging Telluride",true,"liteapi"
"lp6572c02f-0","https://static.cupid.travel/hotels/617363043.jpg","hotel room","lp6572c02f","Mountainside Inn 117 by Alpine Lodging Telluride",true,"liteapi"
"lp656d907b-0","https://static.cupid.travel/hotels/ex_c00b2ae8_z.jpg","parking","lp656d907b","Mountainside Inn 118 1 Bedroom Hotel Room by Alpine Lodging Telluride",true,"liteapi"
"lp6572cf75-0","https://static.cupid.travel/hotels/426253917.jpg","hotel room","lp6572cf75","Mountainside Inn 118 by Alpine Lodging Telluride",true,"liteapi"
"lp65716e6b-0","https://static.cupid.travel/hotels/ex_5f99332a_z.jpg","hotel room","lp65716e6b","Mountainside Inn 119 1 Bedroom Hotel Room by Alpine Lodging Telluride",true,"liteapi"
"lp6572cd5c-0","https://static.cupid.travel/hotels/475967848.jpg","hotel room","lp6572cd5c","Mountainside Inn 119 by Alpine Lodging Telluride",true,"liteapi"
"lp65716e4f-0","https://static.cupid.travel/hotels/ex_586d5f75_z.jpg","parking","lp65716e4f","Mountainside Inn 120 1 Bedroom Hotel Room by Alpine Lodging Telluride",true,"liteapi"
"lp6572bb79-0","https://static.cupid.travel/hotels/475796720.jpg","hotel room","lp6572bb79","Mountainside Inn 120 by Alpine Lodging Telluride",true,"liteapi"
"lp65716e77-0","https://static.cupid.travel/hotels/ex_0320a2e6_z.jpg","hotel room","lp65716e77","Mountainside Inn 121 1 Bedroom Hotel Room by Alpine Lodging Telluride",true,"liteapi"
"lp656c9831-0","https://static.cupid.travel/hotels/ex_d6276a17_z.jpg","parking","lp656c9831","Mountainside Inn 122 1 Bedroom Condo by Alpine Lodging Telluride",true,"liteapi"
"lp6572b241-0","https://static.cupid.travel/hotels/475654904.jpg","hotel room","lp6572b241","Mountainside Inn 122 by Alpine Lodging Telluride",true,"liteapi"
"lp65716e81-0","https://static.cupid.travel/hotels/ex_23f48a14_z.jpg","parking","lp65716e81","Mountainside Inn 201 1 Bedroom Hotel Room by Alpine Lodging Telluride",true,"liteapi"
"lp6572d82a-0","https://static.cupid.travel/hotels/475796865.jpg","hotel room","lp6572d82a","Mountainside Inn 201 by Alpine Lodging Telluride",true,"liteapi"
"lp65716e7f-0","https://static.cupid.travel/hotels/ex_b430b6be_z.jpg","parking","lp65716e7f","Mountainside Inn 202 1 Bedroom Hotel Room by Alpine Lodging Telluride",true,"liteapi"
"lp6572c1e4-0","https://static.cupid.travel/hotels/475781121.jpg","hotel room","lp6572c1e4","Mountainside Inn 202 by Alpine Lodging Telluride",true,"liteapi"
"lp65716e0e-0","https://static.cupid.travel/hotels/ex_647ec534_z.jpg","parking","lp65716e0e","Mountainside Inn 203 1 Bedroom Hotel Room by Alpine Lodging Telluride",true,"liteapi"
"lp6572ce6b-0","https://static.cupid.travel/hotels/475621359.jpg","hotel room","lp6572ce6b","Mountainside Inn 203 by Alpine Lodging Telluride",true,"liteapi"
"lp65716e71-0","https://static.cupid.travel/hotels/ex_ab54c578_z.jpg","parking","lp65716e71","Mountainside Inn 204 1 Bedroom Hotel Room by Alpine Lodging Telluride",true,"liteapi"
"lp65716e06-0","https://static.cupid.travel/hotels/ex_7e73183a_z.jpg","parking","lp65716e06","Mountainside Inn 205 1 Bedroom Hotel Room by Alpine Lodging Telluride",true,"liteapi"
"lp6572d5f3-0","https://static.cupid.travel/hotels/475968017.jpg","hotel room","lp6572d5f3","Mountainside Inn 205 by Alpine Lodging Telluride",true,"liteapi"
"lp65716e44-0","https://static.cupid.travel/hotels/ex_385d5456_z.jpg","hotel room","lp65716e44","Mountainside Inn 206 1 Bedroom Hotel Room by Alpine Lodging Telluride",true,"liteapi"
"lp6572cd48-0","https://static.cupid.travel/hotels/475623737.jpg","hotel room","lp6572cd48","Mountainside Inn 206 by Alpine Lodging Telluride",true,"liteapi"
"lp656d9153-0","https://static.cupid.travel/hotels/ex_2421774a_z.jpg","dining","lp656d9153","Mountainside Inn 207 1 Bedroom Hotel Room by Alpine Lodging Telluride",true,"liteapi"
"lp6572d0eb-0","https://static.cupid.travel/hotels/475796910.jpg","dining","lp6572d0eb","Mountainside Inn 207 by Alpine Lodging Telluride",true,"liteapi"
"lp65716e62-0","https://static.cupid.travel/hotels/ex_15ff8059_z.jpg","hotel room","lp65716e62","Mountainside Inn 208 1 Bedroom Hotel Room by Alpine Lodging Telluride",true,"liteapi"
"lp6572aec9-0","https://static.cupid.travel/hotels/475626047.jpg","hotel room","lp6572aec9","Mountainside Inn 208 by Alpine Lodging Telluride",true,"liteapi"
"lp65716e6f-0","https://static.cupid.travel/hotels/ex_809f06e8_z.jpg","hotel room","lp65716e6f","Mountainside Inn 209 1 Bedroom Hotel Room by Alpine Lodging Telluride",true,"liteapi"
"lp6572cfc8-0","https://static.cupid.travel/hotels/475967904.jpg","hotel room","lp6572cfc8","Mountainside Inn 209 by Alpine Lodging Telluride",true,"liteapi"
"lp65716e66-0","https://static.cupid.travel/hotels/ex_b2e3c19c_z.jpg","parking","lp65716e66","Mountainside Inn 210 1 Bedroom Hotel Room by Alpine Lodging Telluride",true,"liteapi"
"lp6572d613-0","https://static.cupid.travel/hotels/475796738.jpg","hotel room","lp6572d613","Mountainside Inn 210 by Alpine Lodging Telluride",true,"liteapi"
"lp65716e67-0","https://static.cupid.travel/hotels/ex_af9eaded_z.jpg","parking","lp65716e67","Mountainside Inn 211 1 Bedroom Hotel Room by Alpine Lodging Telluride",true,"liteapi"
"lp6572cd35-0","https://static.cupid.travel/hotels/475780948.jpg","hotel room","lp6572cd35","Mountainside Inn 211 by Alpine Lodging Telluride",true,"liteapi"
"lp656c928f-0","https://static.cupid.travel/hotels/ex_786151e7_z.jpg","building","lp656c928f","Mountainside Inn 213 1 Bedroom Condo by Alpine Lodging Telluride",true,"liteapi"
"lp65716e7a-0","https://static.cupid.travel/hotels/ex_2ec4f88a_z.jpg","parking","lp65716e7a","Mountainside Inn 214 1 Bedroom Hotel Room by Alpine Lodging Telluride",true,"liteapi"
"lp6572e017-0","https://static.cupid.travel/hotels/475641097.jpg","hotel room","lp6572e017","Mountainside Inn 214 by Alpine Lodging Telluride",true,"liteapi"
"lp65716e40-0","https://static.cupid.travel/hotels/ex_c242ed15_z.jpg","hotel room","lp65716e40","Mountainside Inn 215 1 Bedroom Hotel Room by Alpine Lodging Telluride",true,"liteapi"
"lp6572d023-0","https://static.cupid.travel/hotels/475796847.jpg","hotel room","lp6572d023","Mountainside Inn 215 by Alpine Lodging Telluride",true,"liteapi"
"lp65716e70-0","https://static.cupid.travel/hotels/ex_e6db7f7e_z.jpg","parking","lp65716e70","Mountainside Inn 216 1 Bedroom Hotel Room by Alpine Lodging Telluride",true,"liteapi"
"lp656d910b-0","https://static.cupid.travel/hotels/ex_a05707ac_z.jpg","building","lp656d910b","Mountainside Inn 217 1 Bedroom Hotel Room by Alpine Lodging Telluride",true,"liteapi"
"lp65716e7b-0","https://static.cupid.travel/hotels/ex_5b661f60_z.jpg","parking","lp65716e7b","Mountainside Inn 218 1 Bedroom Hotel Room by Alpine Lodging Telluride",true,"liteapi"
"lp6572deab-0","https://static.cupid.travel/hotels/475780839.jpg","hotel room","lp6572deab","Mountainside Inn 218 by Alpine Lodging Telluride",true,"liteapi"
"lp65716e3f-0","https://static.cupid.travel/hotels/ex_379cdca8_z.jpg","parking","lp65716e3f","Mountainside Inn 219 1 Bedroom Hotel Room by Alpine Lodging Telluride",true,"liteapi"
"lp6572c600-0","https://static.cupid.travel/hotels/475780922.jpg","hotel room","lp6572c600","Mountainside Inn 219 by Alpine Lodging Telluride",true,"liteapi"
"lp65716e82-0","https://static.cupid.travel/hotels/ex_ef815984_z.jpg","hotel room","lp65716e82","Mountainside Inn 220 1 Bedroom Hotel Room by Alpine Lodging Telluride",true,"liteapi"
"lp6572aff7-0","https://static.cupid.travel/hotels/475621640.jpg","hotel room","lp6572aff7","Mountainside Inn 220 by Alpine Lodging Telluride",true,"liteapi"
"lp65716e7e-0","https://static.cupid.travel/hotels/ex_8fe7c4a1_z.jpg","hotel room","lp65716e7e","Mountainside Inn 221 1 Bedroom Hotel Room by Alpine Lodging Telluride",true,"liteapi"
"lp6572dc8a-0","https://static.cupid.travel/hotels/475697136.jpg","hotel room","lp6572dc8a","Mountainside Inn 221 by Alpine Lodging Telluride",true,"liteapi"
"lp656c9280-0","https://static.cupid.travel/hotels/ex_51a6b63b_z.jpg","hotel room","lp656c9280","Mountainside Inn 222 1 Bedroom Condo by Alpine Lodging Telluride",true,"liteapi"
"lp6572b739-0","https://static.cupid.travel/hotels/475897620.jpg","hotel room","lp6572b739","Mountainside Inn 222 by Alpine Lodging Telluride",true,"liteapi"
"lp65716e0b-0","https://static.cupid.travel/hotels/ex_c80f73b1_z.jpg","hotel room","lp65716e0b","Mountainside Inn 301 1 Bedroom Hotel Room by Alpine Lodging Telluride",true,"liteapi"
"lp65716e73-0","https://static.cupid.travel/hotels/ex_7e292397_z.jpg","hotel room","lp65716e73","Mountainside Inn 302 1 Bedroom Hotel Room by Alpine Lodging Telluride",true,"liteapi"
"lp656d90b7-0","https://static.cupid.travel/hotels/ex_7e5136bb_z.jpg","parking","lp656d90b7","Mountainside Inn 303 1 Bedroom Hotel Room by Alpine Lodging Telluride",true,"liteapi"
"lp65572dea-0","https://static.cupid.travel/hotels/433787237.jpg","parking","lp65572dea","Mountainside Inn 303 by Alpine Lodging Telluride",true,"liteapi"
"lp65716e0c-0","https://static.cupid.travel/hotels/ex_5b8639a2_z.jpg","hotel room","lp65716e0c","Mountainside Inn 304 1 Bedroom Hotel Room by Alpine Lodging Telluride",true,"liteapi"
"lp6572cf8a-0","https://static.cupid.travel/hotels/475968357.jpg","hotel room","lp6572cf8a","Mountainside Inn 304 by Alpine Lodging Telluride",true,"liteapi"
"lp65716e10-0","https://static.cupid.travel/hotels/ex_72aeedcc_z.jpg","parking","lp65716e10","Mountainside Inn 305 1 Bedroom Hotel Room by Alpine Lodging Telluride",true,"liteapi"
"lp6572c11a-0","https://static.cupid.travel/hotels/475968316.jpg","hotel room","lp6572c11a","Mountainside Inn 305 by Alpine Lodging Telluride",true,"liteapi"
"lp65716e09-0","https://static.cupid.travel/hotels/ex_e982aef0_z.jpg","hotel room","lp65716e09","Mountainside Inn 306 1 Bedroom Hotel Room by Alpine Lodging Telluride",true,"liteapi"
"lp65716e46-0","https://static.cupid.travel/hotels/ex_a6d52071_z.jpg","hotel room","lp65716e46","Mountainside Inn 307 1 Bedroom Hotel Room by Alpine Lodging Telluride",true,"liteapi"
"lp6572dc21-0","https://static.cupid.travel/hotels/475781428.jpg","hotel room","lp6572dc21","Mountainside Inn 307 by Alpine Lodging Telluride",true,"liteapi"
"lp65716e5e-0","https://static.cupid.travel/hotels/ex_9bb8a8c0_z.jpg","parking","lp65716e5e","Mountainside Inn 308 1 Bedroom Hotel Room by Alpine Lodging Telluride",true,"liteapi"
"lp6572b731-0","https://static.cupid.travel/hotels/475680892.jpg","hotel room","lp6572b731","Mountainside Inn 308 by Alpine Lodging Telluride",true,"liteapi"
"lp65716e80-0","https://static.cupid.travel/hotels/ex_3cb2dbcf_z.jpg","parking","lp65716e80","Mountainside Inn 309 1 Bedroom Hotel Room by Alpine Lodging Telluride",true,"liteapi"
"lp6572c7d7-0","https://static.cupid.travel/hotels/475796880.jpg","hotel room","lp6572c7d7","Mountainside Inn 309 by Alpine Lodging Telluride",true,"liteapi"
"lp656d90aa-0","https://static.cupid.travel/hotels/ex_72f08ea9_z.jpg","parking","lp656d90aa","Mountainside Inn 310 1 Bedroom Hotel Room by Alpine Lodging Telluride",true,"liteapi"
"lp6572d67d-0","https://static.cupid.travel/hotels/433788251.jpg","hotel room","lp6572d67d","Mountainside Inn 310 by Alpine Lodging Telluride",true,"liteapi"
"lp65716e79-0","https://static.cupid.travel/hotels/ex_fb97f9cf_z.jpg","parking","lp65716e79","Mountainside Inn 311 1 Bedroom Hotel Room by Alpine Lodging Telluride",true,"liteapi"
"lp65716e3a-0","https://static.cupid.travel/hotels/ex_e4cfbc05_z.jpg","parking","lp65716e3a","Mountainside Inn 312 1 Bedroom Hotel Room by Alpine Lodging Telluride",true,"liteapi"
"lp6572dbfa-0","https://static.cupid.travel/hotels/475796861.jpg","hotel room","lp6572dbfa","Mountainside Inn 313 by Alpine Lodging Telluride",true,"liteapi"
"lp65716e84-0","https://static.cupid.travel/hotels/ex_c9a09fc1_z.jpg","hotel room","lp65716e84","Mountainside Inn 314 1 Bedroom Hotel Room by Alpine Lodging Telluride",true,"liteapi"
"lp6572cda1-0","https://static.cupid.travel/hotels/475780942.jpg","hotel room","lp6572cda1","Mountainside Inn 314 by Alpine Lodging Telluride",true,"liteapi"
"lp65716e78-0","https://static.cupid.travel/hotels/ex_a1d8e100_z.jpg","hotel room","lp65716e78","Mountainside Inn 315 1 Bedroom Hotel Room by Alpine Lodging Telluride",true,"liteapi"
"lp6572da37-0","https://static.cupid.travel/hotels/475796818.jpg","hotel room","lp6572da37","Mountainside Inn 315 by Alpine Lodging Telluride",true,"liteapi"
"lp65716e42-0","https://static.cupid.travel/hotels/ex_3f4eb227_z.jpg","parking","lp65716e42","Mountainside Inn 316 1 Bedroom Hotel Room by Alpine Lodging Telluride",true,"liteapi"
"lp65716e48-0","https://static.cupid.travel/hotels/ex_ae9d4c57_z.jpg","parking","lp65716e48","Mountainside Inn 317 1 Bedroom Hotel Room by Alpine Lodging Telluride",true,"liteapi"
"lp6572d449-0","https://static.cupid.travel/hotels/475680860.jpg","hotel room","lp6572d449","Mountainside Inn 317 by Alpine Lodging Telluride",true,"liteapi"
"lp65716e41-0","https://static.cupid.travel/hotels/ex_e4ca2882_z.jpg","parking","lp65716e41","Mountainside Inn 318 1 Bedroom Hotel Room by Alpine Lodging Telluride",true,"liteapi"
"lp6572c6c7-0","https://static.cupid.travel/hotels/475780731.jpg","hotel room","lp6572c6c7","Mountainside Inn 318 by Alpine Lodging Telluride",true,"liteapi"
"lp65716e3e-0","https://static.cupid.travel/hotels/ex_0f7a4338_z.jpg","hotel room","lp65716e3e","Mountainside Inn 320 1 Bedroom Hotel Room by Alpine Lodging Telluride",true,"liteapi"
"lp6572dfd5-0","https://static.cupid.travel/hotels/475680831.jpg","hotel room","lp6572dfd5","Mountainside Inn 320 by Alpine Lodging Telluride",true,"liteapi"
"lp65716e6e-0","https://static.cupid.travel/hotels/ex_0d95565b_z.jpg","parking","lp65716e6e","Mountainside Inn 403 1 Bedroom Hotel Room by Alpine Lodging Telluride",true,"liteapi"
"lp65716df3-0","https://static.cupid.travel/hotels/ex_548b07e6_z.jpg","parking","lp65716df3","Mountainside Inn 406 1 Bedroom Hotel Room by Alpine Lodging Telluride",true,"liteapi"
"lp6572c3fa-0","https://static.cupid.travel/hotels/475781267.jpg","hotel room","lp6572c3fa","Mountainside Inn 406 by Alpine Lodging Telluride",true,"liteapi"
"lp65716e83-0","https://static.cupid.travel/hotels/ex_9d49bba3_z.jpg","hotel room","lp65716e83","Mountainside Inn 407 1 Bedroom Hotel Room by Alpine Lodging Telluride",true,"liteapi"
"lp6572b6b3-0","https://static.cupid.travel/hotels/475780934.jpg","hotel room","lp6572b6b3","Mountainside Inn 407 by Alpine Lodging Telluride",true,"liteapi"
"lp656d8db5-0","https://static.cupid.travel/hotels/ex_b5f641c4_z.jpg","parking","lp656d8db5","Mountainside Inn 408 1 Bedroom Hotel Room by Alpine Lodging Telluride",true,"liteapi"
"lp65716e47-0","https://static.cupid.travel/hotels/ex_cf35eb0d_z.jpg","hotel room","lp65716e47","Mountainside Inn 409 1 Bedroom Hotel Room by Alpine Lodging Telluride",true,"liteapi"
"lp6572d822-0","https://static.cupid.travel/hotels/475621326.jpg","hotel room","lp6572d822","Mountainside Inn 409 by Alpine Lodging Telluride",true,"liteapi"
"lp65716e74-0","https://static.cupid.travel/hotels/ex_901f79ca_z.jpg","hotel room","lp65716e74","Mountainside Inn 410 1 Bedroom Hotel Room by Alpine Lodging Telluride",true,"liteapi"
"lp656d90a9-0","https://static.cupid.travel/hotels/ex_5d864476_z.jpg","parking","lp656d90a9","Mountainside Inn 411 1 Bedroom Hotel Room by Alpine Lodging Telluride",true,"liteapi"
"lp6572c06e-0","https://static.cupid.travel/hotels/433787095.jpg","parking","lp6572c06e","Mountainside Inn 411 by Alpine Lodging Telluride",true,"liteapi"
"lp656d9068-0","https://static.cupid.travel/hotels/ex_f4d8fc94_z.jpg","parking","lp656d9068","Mountainside Inn 412 1 Bedroom Hotel Room by Alpine Lodging Telluride",true,"liteapi"
"lp6572a9a6-0","https://static.cupid.travel/hotels/433787103.jpg","parking","lp6572a9a6","Mountainside Inn 412 by Alpine Lodging Telluride",true,"liteapi"
"lp6586a393-0","https://static.cupid.travel/hotels/ex_46cd3b17_z.jpg","","lp6586a393","Mountainside Inn 413 1 Bedroom Condo",true,"liteapi"
"lp65716e63-0","https://static.cupid.travel/hotels/ex_5bda2e65_z.jpg","hotel room","lp65716e63","Mountainside Inn 415 1 Bedroom Hotel Room by Alpine Lodging Telluride",true,"liteapi"
"lp6572dfd4-0","https://static.cupid.travel/hotels/475744731.jpg","hotel room","lp6572dfd4","Mountainside Inn 415 by Alpine Lodging Telluride",true,"liteapi"
"lp65716e4e-0","https://static.cupid.travel/hotels/ex_5294cb20_z.jpg","hotel room","lp65716e4e","Mountainside Inn 416 1 Bedroom Hotel Room by Alpine Lodging Telluride",true,"liteapi"
"lp6572e27a-0","https://static.cupid.travel/hotels/475781135.jpg","hotel room","lp6572e27a","Mountainside Inn 416 by Alpine Lodging Telluride",true,"liteapi"
"lp65716e5c-0","https://static.cupid.travel/hotels/ex_9a36dfc9_z.jpg","parking","lp65716e5c","Mountainside Inn 417 1 Bedroom Hotel Room by Alpine Lodging Telluride",true,"liteapi"
"lp6572e16f-0","https://static.cupid.travel/hotels/475736981.jpg","hotel room","lp6572e16f","Mountainside Inn 417 by Alpine Lodging Telluride",true,"liteapi"
"lp65716e12-0","https://static.cupid.travel/hotels/ex_b55e10f7_z.jpg","parking","lp65716e12","Mountainside Inn 418 1 Bedroom Hotel Room by Alpine Lodging Telluride",true,"liteapi"
"lp656d9075-0","https://static.cupid.travel/hotels/ex_b76ad670_z.jpg","hotel room","lp656d9075","Mountainside Inn 419 1 Bedroom Hotel Room by Alpine Lodging Telluride",true,"liteapi"
"lp6572e174-0","https://static.cupid.travel/hotels/433786575.jpg","hotel room","lp6572e174","Mountainside Inn 419 by Alpine Lodging Telluride",true,"liteapi"
"lp656d909b-0","https://static.cupid.travel/hotels/ex_09d42994_z.jpg","hotel room","lp656d909b","Mountainside Inn 419/421 2 Bedroom Hotel Room by Alpine Lodging Telluride",true,"liteapi"
"lp656f2300-0","https://static.cupid.travel/hotels/508002514.jpg","hotel room","lp656f2300","Mountainside Inn 419/421 by Alpine Lodging Telluride",true,"liteapi"
"lp65716e61-0","https://static.cupid.travel/hotels/ex_bea37ec9_z.jpg","hotel room","lp65716e61","Mountainside Inn 420 1 Bedroom Hotel Room by Alpine Lodging Telluride",true,"liteapi"
"lp6572dfe8-0","https://static.cupid.travel/hotels/475780694.jpg","hotel room","lp6572dfe8","Mountainside Inn 420 by Alpine Lodging Telluride",true,"liteapi"
"lp656d908c-0","https://static.cupid.travel/hotels/ex_5f09ee1e_z.jpg","hotel room","lp656d908c","Mountainside Inn 421 1 Bedroom Hotel Room by Alpine Lodging Telluride",true,"liteapi"
"lp6572a92b-0","https://static.cupid.travel/hotels/433786552.jpg","hotel room","lp6572a92b","Mountainside Inn 421 by Alpine Lodging Telluride",true,"liteapi"
"lp6587ba7c-0","https://static.cupid.travel/hotels/ex_5e47e1c9_z.jpg","","lp6587ba7c","Mountainside Inn 422 - Nr 1 Bedroom Condo",true,"liteapi"
"lpa06e3-0","https://static.cupid.travel/hotels/ex_8bab7078_z.jpg","building","lpa06e3","Muscatel Flats 19 1 Bedroom Condo By Accommodations in Telluride",true,"liteapi"
"lpa072f-0","https://static.cupid.travel/hotels/ex_ea0f78e2_z.jpg","building","lpa072f","Muscatel Flats 2 1 Bedroom Condo By Accommodations in Telluride",true,"liteapi"
"lpa05c1-0","https://static.cupid.travel/hotels/ex_47643ebb_z.jpg","building","lpa05c1","Muscatel Flats 20 1 Bedroom Condo By Accommodations in Telluride",true,"liteapi"
"lpa07a2-0","https://static.cupid.travel/hotels/ex_016115fe_z.jpg","building","lpa07a2","Muscatel Flats 4 1 Bedroom Condo By Accommodations in Telluride",true,"liteapi"
"lp655837e2-0","https://static.cupid.travel/hotels/ex_740c32bf_z.jpg","balance & terrace","lp655837e2","New San Juan 303 by Avantstay Modern Penthouse w/ Deck Overlooking Main Street",true,"liteapi"
"lp35ebc-0","https://static.cupid.travel/hotels/19626465.jpg","building","lp35ebc","New Sheridan Hotel",true,"liteapi"
"lp656c5dd8-0","https://static.cupid.travel/hotels/ex_e290c19e_z.jpg","building","lp656c5dd8","New! Chic European Style Cabin, Short Walk To Ski 3 Bedroom Home by RedAwning",true,"liteapi"
"lp322482-0","https://static.cupid.travel/hotels/ex_6014d967_z.jpg","building","lp322482","North Willow",true,"liteapi"
"lp656ef5fd-0","https://static.cupid.travel/hotels/419096105.jpg","balance & terrace","lp656ef5fd","Northstar 13",true,"liteapi"
"lp656ee943-0","https://static.cupid.travel/hotels/503213356.jpg","building","lp656ee943","Northstar 18",true,"liteapi"
"lp6571ac92-0","https://static.cupid.travel/hotels/ex_a13ec6a2_z.jpg","building","lp6571ac92","Northstar 6 3 Bedroom Condo by RedAwning",true,"liteapi"
"lp65585314-0","https://static.cupid.travel/hotels/ex_0f66e1e4_z.jpg","building","lp65585314","Ore Station 2 by Avantstay Modern Oasis in the Heart of Telluride w/ Hot Tub",true,"liteapi"
"lp853df-0","https://static.cupid.travel/hotels/387752096.jpg","balance & terrace","lp853df","Outlaw Hideaway",true,"liteapi"
"lp65826c17-0","https://static.cupid.travel/hotels/501943570.jpg","building","lp65826c17","Outlaws Creek",true,"liteapi"
"lp656c735d-0","https://static.cupid.travel/hotels/ex_122eb774_z.jpg","","lp656c735d","Overlook House 4 Bedroom Home by RedAwning",true,"liteapi"
"lp657e2d30-0","https://static.cupid.travel/hotels/492978286.jpg","building","lp657e2d30","Overlook House home",true,"liteapi"
"lpa0575-0","https://static.cupid.travel/hotels/ex_7ad9cc70_z.jpg","bathroom","lpa0575","Owl Meadows 15 3 Bedroom Condo By Accommodations in Telluride",true,"liteapi"
"lp6570d136-0","https://static.cupid.travel/hotels/ex_53d06013_z.jpg","building","lp6570d136","Owl Meadows 23 2 Bedroom Townhouse by RedAwning",true,"liteapi"
"lp65583a45-0","https://static.cupid.travel/hotels/ex_3ec7d924_z.jpg","building","lp65583a45","Owl Meadows 24 by Avantstay Walking Distance to Town & Slopes!",true,"liteapi"
"lpa05e4-0","https://static.cupid.travel/hotels/ex_2dffad5a_z.jpg","balance & terrace","lpa05e4","Pacific Place A 2 Bedroom Condo By Accommodations in Telluride",true,"liteapi"
"lpa0525-0","https://static.cupid.travel/hotels/ex_b8f1aa28_z.jpg","building","lpa0525","Pacific Street 3 Bedroom Condo By Accommodations in Telluride",true,"liteapi"
"lp65585253-0","https://static.cupid.travel/hotels/ex_975fa8b7_z.jpg","building","lp65585253","Pacific Street Townhome 514b by Avantstay Cute Townhouse in the Heart of Telluride!",true,"liteapi"
"lp65857dad-0","https://static.cupid.travel/hotels/502018567.jpg","building","lp65857dad","Pacifico",true,"liteapi"
"lp65740624-0","https://static.cupid.travel/hotels/ex_29b9a8fe_z.jpg","building","lp65740624","Palmyra 3D by Avantstay Gorgeous Condo in Great Location!",true,"liteapi"
"lpff36d-0","https://static.cupid.travel/hotels/ex_515e92e8_z.jpg","building","lpff36d","Palmyra 3F",true,"liteapi"
"lp656c10b4-0","https://static.cupid.travel/hotels/ex_27592bcb_z.jpg","building","lp656c10b4","Palmyra 4G by Avantstay Close to the Slopes & Town!",true,"liteapi"
"lp655850e2-0","https://static.cupid.travel/hotels/ex_292aa543_z.jpg","building","lp655850e2","Pandora by Avantstay Modern Mountain Escape in Great Location @ Entrance of Bear Creek Trail",true,"liteapi"
"lp656c8bf1-0","https://static.cupid.travel/hotels/ex_1a056fa2_z.jpg","building","lp656c8bf1","Peaceful Home-like Condo Spacious, Private Deck, Fireplace 3 Bedroom Condo by RedAwning",true,"liteapi"
"lp65705946-0","https://static.cupid.travel/hotels/497214677.jpg","balance & terrace","lp65705946","Penthouse #2 at DiamondTooth - location and views!",true,"liteapi"
"lp6563b9f6-0","https://static.cupid.travel/hotels/182592142.jpg","building","lp6563b9f6","Penthouse By The Gondola",true,"liteapi"
"lp656c8c3d-0","https://static.cupid.travel/hotels/ex_fdf38e8d_z.jpg","","lp656c8c3d","Perfect Location! King Bed, Full Kitchen, Walk To Gondola 2 Bedroom Condo by RedAwning",true,"liteapi"
"lp65727462-0","https://static.cupid.travel/hotels/427981732.jpg","building","lp65727462","Perfect Location! King Bed, Full Kitchen, Walk to Gondola condo",true,"liteapi"
"lp657b7e4e-0","https://static.cupid.travel/hotels/520192287.jpg","recepcion & lobby","lp657b7e4e","Perfect Mountain Lodge for family holiday",true,"liteapi"
"lp39245-0","https://static.cupid.travel/hotels/ex_8df0b878_z.jpg","balance & terrace","lp39245","Plaza 403",true,"liteapi"
"lp65583ad3-0","https://static.cupid.travel/hotels/ex_8ce6ac6f_z.jpg","building","lp65583ad3","Plunge A by Avantstay Stunning Views & A Block From Lift #7",true,"liteapi"
"lp65583a6a-0","https://static.cupid.travel/hotels/ex_801c2b79_z.jpg","balance & terrace","lp65583a6a","Plunge E by Avantstay Gorgeous Townhouse in DT Telluride!",true,"liteapi"
"lpa0762-0","https://static.cupid.travel/hotels/ex_de97bd48_z.jpg","building","lpa0762","Plunge H 3 Bedroom Condo By Accommodations in Telluride",true,"liteapi"
"lp3225f3-0","https://static.cupid.travel/hotels/ex_e6116498_z.jpg","balance & terrace","lp3225f3","Plunge J",true,"liteapi"
"lp657381e9-0","https://static.cupid.travel/hotels/478403746.jpg","building","lp657381e9","Premier Downtown Telluride Condo with Pool, Hot Tub & Parking",true,"liteapi"
"lp656c8c6a-0","https://static.cupid.travel/hotels/ex_a5998918_z.jpg","building","lp656c8c6a","Remodel For 2022! Ski In/ski Out + Parking 3 Bedroom Condo by RedAwning",true,"liteapi"
"lp65721b74-0","https://static.cupid.travel/hotels/608359453.jpg","building","lp65721b74","Remodeled Luxury Condo - Skii in Skii out",true,"liteapi"
"lp656c958e-0","https://static.cupid.travel/hotels/ex_4db9d48e_z.jpg","","lp656c958e","River Club 101 2 Bedroom Condo by Alpine Lodging Telluride",true,"liteapi"
"lp656c988d-0","https://static.cupid.travel/hotels/ex_f0fa8302_z.jpg","","lp656c988d","River Club 102 2 Bedroom Condo by Alpine Lodging Telluride",true,"liteapi"
"lp82797-0","https://static.cupid.travel/hotels/500489317.jpg","","lp82797","River Club 102 by Alpine Lodging Telluride",true,"liteapi"
"lp656c9611-0","https://static.cupid.travel/hotels/ex_0ac33b4f_z.jpg","","lp656c9611","River Club 104 2 Bedroom Condo by Alpine Lodging Telluride",true,"liteapi"
"lp656c95e5-0","https://static.cupid.travel/hotels/ex_a6e40fb3_z.jpg","","lp656c95e5","River Club 105 2 Bedroom Condo by Alpine Lodging Telluride",true,"liteapi"
"lp656c95be-0","https://static.cupid.travel/hotels/ex_4f4104f2_z.jpg","","lp656c95be","River Club 203 3 Bedroom Condo by Alpine Lodging Telluride",true,"liteapi"
"lp656c916b-0","https://static.cupid.travel/hotels/ex_6bf1394f_z.jpg","","lp656c916b","River Club 207 2 Bedroom Condo by Alpine Lodging Telluride",true,"liteapi"
"lp656c95b8-0","https://static.cupid.travel/hotels/ex_996fa917_z.jpg","","lp656c95b8","River Club 302 2 Bedroom Condo by Alpine Lodging Telluride",true,"liteapi"
"lp656c790f-0","https://static.cupid.travel/hotels/ex_0e1fb8d7_z.jpg","building","lp656c790f","River Club 306 2 Bedroom Condo by Alpine Lodging Telluride",true,"liteapi"
"lp656c95de-0","https://static.cupid.travel/hotels/ex_c48dffb0_z.jpg","","lp656c95de","River Club 307 2 Bedroom Condo by Alpine Lodging Telluride",true,"liteapi"
"lp656c78c3-0","https://static.cupid.travel/hotels/ex_a547d56e_z.jpg","","lp656c78c3","River Club 309 2 Bedroom Condo by Alpine Lodging Telluride",true,"liteapi"
"lp656c8c3f-0","https://static.cupid.travel/hotels/ex_461e47e8_z.jpg","balance & terrace","lp656c8c3f","River Club by Alpine Lodging Telluride",true,"liteapi"
"lp65584f7e-0","https://static.cupid.travel/hotels/ex_5b4977cf_z.jpg","dining","lp65584f7e","River Edge A by Avantstay Three BR Condo In Historic Depot District",true,"liteapi"
"lp656f31ee-0","https://static.cupid.travel/hotels/488074663.jpg","building","lp656f31ee","River Location 2 blocks to lift 7 &to the Gondola",true,"liteapi"
"lp656c8f71-0","https://static.cupid.travel/hotels/ex_c3f6f069_z.jpg","building","lp656c8f71","River Retreat! Mtn View Balcony, Pool, Hot Tub @ Viking Lodge 210 1 Bedroom Condo by RedAwning",true,"liteapi"
"lp656f274d-0","https://static.cupid.travel/hotels/427895199.jpg","building","lp656f274d","River Retreat! Mtn View Balcony, Pool, Hot Tub Viking Lodge 210 condo",true,"liteapi"
"lp6558573f-0","https://static.cupid.travel/hotels/ex_39320ff5_z.jpg","building","lp6558573f","River Watch 4 by Avantstay Great Central Location",true,"liteapi"
"lp656e8a0d-0","https://static.cupid.travel/hotels/446180134.jpg","building","lp656e8a0d","Riverfront, blocks to ski - Mtn Views, Hot Tub at Viking Lodge 217 condo",true,"liteapi"
"lp656c8c0a-0","https://static.cupid.travel/hotels/ex_d48c8e20_z.jpg","building","lp656c8c0a","Riverfront, Blocks To Ski! Mtn Views + Hot Tub @ Viking Lodge 217 1 Bedroom Condo by RedAwning",true,"liteapi"
"lp6570b1e7-0","https://static.cupid.travel/hotels/ex_5c618a51_z.jpg","building","lp6570b1e7","Riverside A03 2 Bedroom Condo by RedAwning",true,"liteapi"
"lpc923f-0","https://static.cupid.travel/hotels/299903859.jpg","building","lpc923f","Riverside A101 - Riverside Hummingbird",true,"liteapi"
"lp33e9db-0","https://static.cupid.travel/hotels/ex_e8e8340e_z.jpg","balance & terrace","lp33e9db","Riverside B02",true,"liteapi"
"lp3b9f3-0","https://static.cupid.travel/hotels/ex_e0f28459_z.jpg","","lp3b9f3","Riverside by Telluride Alpine Lodging",true,"liteapi"
"lpf8f28-0","https://static.cupid.travel/hotels/443534839.jpg","building","lpf8f28","Riverside Condo, Walk Everywhere Viking Lodge 212 condo",true,"liteapi"
"lp655852ac-0","https://static.cupid.travel/hotels/ex_85bf99b7_z.jpg","balance & terrace","lp655852ac","Riverside Condos A102 by Avantstay Condo Close To Downtown, Town Park & Ski Lift #8",true,"liteapi"
"lp65585321-0","https://static.cupid.travel/hotels/ex_68fe6a9b_z.jpg","building","lp65585321","Riverside Condos A103 by Avantstay Condo Close To Downtown, Town Park & Ski Lift #8",true,"liteapi"
"lp65584d9c-0","https://static.cupid.travel/hotels/ex_d2c1321f_z.jpg","building","lp65584d9c","Riverside Condos B101 by Avantstay Condo Close To Downtown, Town Park & Ski Lift #8",true,"liteapi"
"lp655852ef-0","https://static.cupid.travel/hotels/ex_1ac74290_z.jpg","balance & terrace","lp655852ef","Riverside Condos B204 by Avantstay Condo Close To Downtown, Town Park & Ski Lift #8",true,"liteapi"
"lp65583ac7-0","https://static.cupid.travel/hotels/ex_e77e1fa0_z.jpg","building","lp65583ac7","Riverside Condos C102 by Avantstay Condo Close To Downtown, Town Park & Ski Lift #8",true,"liteapi"
"lp65584f8c-0","https://static.cupid.travel/hotels/ex_f3e815ea_z.jpg","balance & terrace","lp65584f8c","Riverside Condos C202 by Avantstay Condo Close To Downtown, Town Park & Ski Lift #8",true,"liteapi"
"lp65584faf-0","https://static.cupid.travel/hotels/ex_eb556f3a_z.jpg","building","lp65584faf","Riverside Condos D01 by Avantstay Condo Close To Downtown, Town Park & Ski Lift #8",true,"liteapi"
"lpa0665-0","https://static.cupid.travel/hotels/ex_d78e3060_z.jpg","building","lpa0665","Riverside D02 2 Bedroom Condo By Accommodations in Telluride",true,"liteapi"
"lp656c8c28-0","https://static.cupid.travel/hotels/ex_d39213ae_z.jpg","building","lp656c8c28","Riverside Dream! Quiet Spot W Deck, 5 Min Walk To Gondola & Main St. 2 Bedroom Condo by RedAwning",true,"liteapi"
"lp6573c733-0","https://static.cupid.travel/hotels/592738457.jpg","building","lp6573c733","Riverside Retreat at Viking Lodge - location!",true,"liteapi"
"lpa06eb-0","https://static.cupid.travel/hotels/ex_2c5a28f7_z.jpg","recepcion & lobby","lpa06eb","Rocky Road Retreat 4 Bedroom Holiday home By Accommodations in Telluride",true,"liteapi"
"lp6573dabc-0","https://static.cupid.travel/hotels/ex_a1851ffd_z.jpg","building","lp6573dabc","Royer Falls Retreat 4 Bedroom Home",true,"liteapi"
"lp655852aa-0","https://static.cupid.travel/hotels/ex_9a2a8979_z.jpg","building","lp655852aa","Russell Home by Avantstay Expansive Deck, Stunning Views & Hot Tub!",true,"liteapi"
"lp6585ff10-0","https://static.cupid.travel/hotels/ex_97c0c5b9_z.jpg","","lp6585ff10","Saddle Horn Lane 4 Bedroom Home",true,"liteapi"
"lp656c914d-0","https://static.cupid.travel/hotels/ex_2b68d873_z.jpg","","lp656c914d","See Forever 129 4 Bedroom Condo by RedAwning",true,"liteapi"
"lp65738505-0","https://static.cupid.travel/hotels/526788488.jpg","building","lp65738505","Silverpick Ranch - adventure & luxury in Telluride",true,"liteapi"
"lp6570e443-0","https://static.cupid.travel/hotels/549577681.jpg","balance & terrace","lp6570e443","Ski In Out 5 Minute Walk To Everything",true,"liteapi"
"lp65770691-0","https://static.cupid.travel/hotels/599922467.jpg","balance & terrace","lp65770691","Ski In out Remodeled Luxury Condo",true,"liteapi"
"lp656c8c2f-0","https://static.cupid.travel/hotels/ex_bf1928e9_z.jpg","building","lp656c8c2f","Ski In/out In Town! Ski Area Views, Fireplace, Hot Tub 2 Bedroom Condo by RedAwning",true,"liteapi"
"lp656c8be5-0","https://static.cupid.travel/hotels/ex_321052e3_z.jpg","building","lp656c8be5","Ski In/out Lift 7! Deck, Hot Tub, Garage Parking 2 Bedroom Condo by RedAwning",true,"liteapi"
"lp656c851b-0","https://static.cupid.travel/hotels/ex_8d684da1_z.jpg","","lp656c851b","Ski Trip Value! Walk Everywhere, Hot Tub, Top Floor 1 Bedroom Condo by RedAwning",true,"liteapi"
"lp6570e9e0-0","https://static.cupid.travel/hotels/427981986.jpg","building","lp6570e9e0","Ski trip value! Walk everywhere, hot tub, top floor condo",true,"liteapi"
"lp656cd3d6-0","https://static.cupid.travel/hotels/ex_50e16b63_z.jpg","building","lp656cd3d6","Ski-in/ski-out Mountain Village Condo w/ Hot Tub!",true,"liteapi"
"lp656bfeb2-0","https://static.cupid.travel/hotels/ex_524e35c1_z.jpg","building","lp656bfeb2","Ski-in/ski-out Telluride Home w/ Deck & Hot Tub!",true,"liteapi"
"lp656c750c-0","https://static.cupid.travel/hotels/ex_289c1587_z.jpg","building","lp656c750c","Slopeside Chalet 4 Bedroom Home by RedAwning",true,"liteapi"
"lp33e099-0","https://static.cupid.travel/hotels/ex_a66b00da_z.jpg","building","lp33e099","Slopeside Lodge",true,"liteapi"
"lp656c8bb3-0","https://static.cupid.travel/hotels/ex_42b23aa7_z.jpg","building","lp656c8bb3","Slopeside Paradise Penthouse At Lift 7, Views, Fireplace, Deck, Hot Tub 3 Bedroom Condo by RedAwning",true,"liteapi"
"lp65712210-0","https://static.cupid.travel/hotels/427982289.jpg","building","lp65712210","Slopeside Paradise Penthouse at Lift 7, Views, Fireplace, Deck, Hot Tub condo",true,"liteapi"
"lpc6f0e-0","https://static.cupid.travel/hotels/ex_8c1907db_z.jpg","balance & terrace","lpc6f0e","Smuggler B by Avantstay Excellent Condo Within Walking Distance Of Lift #7",true,"liteapi"
"lp65874319-0","https://static.cupid.travel/hotels/ex_9c2f8a10_z.jpg","","lp65874319","Smuggler B by Avantstay Excellent Condo Within Walking Distance Of Lift 7",true,"liteapi"
"lp65585233-0","https://static.cupid.travel/hotels/ex_68b15b5a_z.jpg","balance & terrace","lp65585233","Smuggler F by Avantstay Gorgeous Condo Close To Lift 7",true,"liteapi"
"lp658504b8-0","https://static.cupid.travel/hotels/447460650.jpg","building","lp658504b8","Sneffels",true,"liteapi"
"lp65583a62-0","https://static.cupid.travel/hotels/ex_eb2984a5_z.jpg","building","lp65583a62","Snowdrift Cabin by Avantstay Breathtaking Home w/ Prime Ski Access",true,"liteapi"
"lp656c8c69-0","https://static.cupid.travel/hotels/ex_f15f1297_z.jpg","building","lp656c8c69","Snowy Peak Views From Living Room, 2 Parking Spaces, Walk To Ski 1 Bedroom Condo by RedAwning",true,"liteapi"
"lp6570aca2-0","https://static.cupid.travel/hotels/427982343.jpg","building","lp6570aca2","Snowy Peak Views from Living Room, 2 Parking Spaces, Walk to Ski condo",true,"liteapi"
"lp3224f9-0","https://static.cupid.travel/hotels/ex_3424c6b6_z.jpg","building","lp3224f9","South Pacific",true,"liteapi"
"lp656c8be4-0","https://static.cupid.travel/hotels/ex_4ddd0795_z.jpg","building","lp656c8be4","Space For All! Close To Lift 7, Fireplace, Hot Tub 3 Bedroom Condo by RedAwning",true,"liteapi"
"lpa06da-0","https://static.cupid.travel/hotels/ex_6bb904c4_z.jpg","building","lpa06da","Spiral Stairs 4 3 Bedroom Condo By Accommodations in Telluride",true,"liteapi"
"lp656c8519-0","https://static.cupid.travel/hotels/ex_80fe5b22_z.jpg","building","lp656c8519","Steps To Gondola, Lift 8 Modern Hideaway Spiral Stairs 11 2 Bedroom Condo by RedAwning",true,"liteapi"
"lp6587e4f9-0","https://static.cupid.travel/hotels/ex_5e4d36ca_z.jpg","","lp6587e4f9","Stunning Views! Ski-in/out Mountain Village Cabin",true,"liteapi"
"lp656c8bfd-0","https://static.cupid.travel/hotels/ex_ff636a42_z.jpg","building","lp656c8bfd","Style & Location! Steps To Gondola, Main Street, River 1 Bedroom Condo by RedAwning",true,"liteapi"
"lp656f5520-0","https://static.cupid.travel/hotels/427982247.jpg","building","lp656f5520","Stylish Convenience! Short Walk to Lifts, Gondola, Main St, Fall Line 210 condo",true,"liteapi"
"lp656c8c43-0","https://static.cupid.travel/hotels/ex_ed8b6444_z.jpg","building","lp656c8c43","Stylish Convenience! Short Walk To Lifts, Gondola, Main St. @ Fall Line 210 2 Bedroom Condo by RedAwning",true,"liteapi"
"lp6558533b-0","https://static.cupid.travel/hotels/ex_7db247b6_z.jpg","building","lp6558533b","Sugarloaf by Avantstay Telluride Home In Great Location Near the Slopes!",true,"liteapi"
"lp656c5d5f-0","https://static.cupid.travel/hotels/ex_081db2f9_z.jpg","building","lp656c5d5f","Sun-filled Sunnyside Home On North Fir St Eco-friendly Home Peace & Privacy 3 Bedroom Home by RedAwning",true,"liteapi"
"lpa0512-0","https://static.cupid.travel/hotels/ex_d95c9982_z.jpg","dining","lpa0512","Sundance 302 2 Bedroom Condo By Accommodations in Telluride",true,"liteapi"
"lp6587dee8-0","https://static.cupid.travel/hotels/ex_4f29a05c_z.jpg","","lp6587dee8","Sundance Condos 202 2 Bedroom Condo",true,"liteapi"
"lp6572e807-0","https://static.cupid.travel/hotels/ex_ad92d192_z.jpg","building","lp6572e807","Sundance Condos 202 by Avantstay Great Condo in Telluride Close to Downtown",true,"liteapi"
"lp6587430b-0","https://static.cupid.travel/hotels/ex_0b4f5dd7_z.jpg","","lp6587430b","Sundance Condos 202 by Avantstay Great Condo in Telluride Close to Downtown",true,"liteapi"
"lp656c8c26-0","https://static.cupid.travel/hotels/ex_5ae18d64_z.jpg","building","lp656c8c26","Sunny Condo, Box Canyon Views, Pool + Hot Tub 2 Bedroom Condo by RedAwning",true,"liteapi"
"lp6558523a-0","https://static.cupid.travel/hotels/ex_e0c7894e_z.jpg","","lp6558523a","Telemark B by Avantstay Ski In/ Ski Out at the Heart of Mountain Village!",true,"liteapi"
"lp657b88f8-0","https://static.cupid.travel/hotels/599687660.jpg","building","lp657b88f8","Telluride Alley Home Near Gondola",true,"liteapi"
"lp656ccfbd-0","https://static.cupid.travel/hotels/ex_4ad81a7d_z.jpg","building","lp656ccfbd","Telluride Condo in Town - 1/2 Mi Walk to Gondola!",true,"liteapi"
"lp656cca72-0","https://static.cupid.travel/hotels/ex_64943c12_z.jpg","building","lp656cca72","Telluride Condo: Walk to Lift, Bear Creek, & More!",true,"liteapi"
"lp6572fb16-0","https://static.cupid.travel/hotels/620849141.jpg","balance & terrace","lp6572fb16","Telluride Lodge & Ski Condo",true,"liteapi"
"lp656f01c2-0","https://static.cupid.travel/hotels/ex_8747cd77_z.jpg","recepcion & lobby","lp656f01c2","Telluride Lodge 305 by Avantstay Close to Slopes & Town!",true,"liteapi"
"lp65584fe2-0","https://static.cupid.travel/hotels/ex_34278c55_z.jpg","recepcion & lobby","lp65584fe2","Telluride Lodge 311 by Avantstay Close to Slopes & Town!",true,"liteapi"
"lp65584fe6-0","https://static.cupid.travel/hotels/ex_151ed06c_z.jpg","balance & terrace","lp65584fe6","Telluride Lodge 312 by Avantstay Close to Slopes & Town!",true,"liteapi"
"lp65881cb7-0","https://static.cupid.travel/hotels/ex_b80b47a9_z.jpg","","lp65881cb7","Telluride Lodge 324 1 Bedroom Studio",true,"liteapi"
"lp6585ef51-0","https://static.cupid.travel/hotels/ex_f20794cb_z.jpg","","lp6585ef51","Telluride Lodge 329 2 Bedroom Condo",true,"liteapi"
"lp65585721-0","https://static.cupid.travel/hotels/ex_0cefa189_z.jpg","building","lp65585721","Telluride Lodge 405 by Avantstay Close to Slopes & Town!",true,"liteapi"
"lp6587430a-0","https://static.cupid.travel/hotels/ex_841445cd_z.jpg","","lp6587430a","Telluride Lodge 405 by Avantstay Close to Slopes Town",true,"liteapi"
"lp6570d220-0","https://static.cupid.travel/hotels/445671759.jpg","recepcion & lobby","lp6570d220","Telluride Lodge 526 - A True Mountain Retreat In Beautiful Telluride Town, condo",true,"liteapi"
"lp656c8dab-0","https://static.cupid.travel/hotels/ex_544cbfd6_z.jpg","recepcion & lobby","lp656c8dab","Telluride Lodge 526 - A True Mountain Retreat In Beautiful Telluride Town. 3 Bedroom Condo by RedAwning",true,"liteapi"
"lp657e126d-0","https://static.cupid.travel/hotels/551762418.jpg","building","lp657e126d","Telluride Lodge Your mountain gateaway",true,"liteapi"
"lp656bccd5-0","https://static.cupid.travel/hotels/ex_13d0aa5b_z.jpg","building","lp656bccd5","Telluride Mountain Chalet w/ Gym, Hot Tub & Views!",true,"liteapi"
"lp657f4a3d-0","https://static.cupid.travel/hotels/599920659.jpg","building","lp657f4a3d","Telluride Mountain Lodge Skiin Out amazingLocation",true,"liteapi"
"lp658492a5-0","https://static.cupid.travel/hotels/414635688.jpg","building","lp658492a5","Telluride Penthouse",true,"liteapi"
"lp65709d3e-0","https://static.cupid.travel/hotels/601031682.jpg","building","lp65709d3e","Telluride Resort View at Double Diamond - ski-in-out and hot tub!",true,"liteapi"
"lp657d17c6-0","https://static.cupid.travel/hotels/595066936.jpg","building","lp657d17c6","Telluride Riverside House with Mountain Views",true,"liteapi"
"lp65867a98-0","https://static.cupid.travel/hotels/ex_7f4138a1_z.jpg","","lp65867a98","Telluride Ski Resort CO - Vacation Rentals",true,"liteapi"
"lp6585fd87-0","https://static.cupid.travel/hotels/ex_0d059efd_z.jpg","","lp6585fd87","Telluride Ski Resort CO - Viking Lodge Condos",true,"liteapi"
"lp65865160-0","https://static.cupid.travel/hotels/ex_f021560c_z.jpg","","lp65865160","Telluride Ski Resort, CO Vacation Rentals",true,"liteapi"
"lp656cc4cd-0","https://static.cupid.travel/hotels/ex_0a6f777c_z.jpg","building","lp656cc4cd","Telluride Studio in Downtown - Walk to Gondola!",true,"liteapi"
"lp3223e1-0","https://static.cupid.travel/hotels/ex_f980c4a9_z.jpg","building","lp3223e1","Terraces 502",true,"liteapi"
"lp3223ef-0","https://static.cupid.travel/hotels/ex_9a7b2b56_z.jpg","building","lp3223ef","Terraces 602",true,"liteapi"
"lp6569e49a-0","https://static.cupid.travel/hotels/284328392.jpg","building","lp6569e49a","Terraces First Tracks",true,"liteapi"
"lp6569489e-0","https://static.cupid.travel/hotels/553584783.jpg","balance & terrace","lp6569489e","Terraces Meadow View",true,"liteapi"
"lp38483-0","https://static.cupid.travel/hotels/295427502.jpg","building","lp38483","The Bivvi Hostel Telluride",true,"liteapi"
"lp65751352-0","https://static.cupid.travel/hotels/454117076.jpg","building","lp65751352","The Creekside Retreat: Steps to all of Telluride",true,"liteapi"
"lp2ff71-0","https://static.cupid.travel/hotels/62925056.jpg","building","lp2ff71","The Hotel Telluride",true,"liteapi"
"lp657eb72a-0","https://static.cupid.travel/hotels/387753050.jpg","","lp657eb72a","The Outlaw",true,"liteapi"
"lp21ee2-0","https://static.cupid.travel/hotels/96815006.jpg","building","lp21ee2","The Peaks Resort and Spa",true,"liteapi"
"lp65705bad-0","https://static.cupid.travel/hotels/575154675.jpg","building","lp65705bad","The Residence on South Oak - steps to the gondola!",true,"liteapi"
"lp657ae8a5-0","https://static.cupid.travel/hotels/ex_27649c74_z.jpg","building","lp657ae8a5","The Touchstone by Boutiq",true,"liteapi"
"lp656a7cb9-0","https://static.cupid.travel/hotels/285289114.jpg","balance & terrace","lp656a7cb9","The Tucker Inn",true,"liteapi"
"lp3489e-0","https://static.cupid.travel/hotels/79544919.jpg","building","lp3489e","The Victorian Inn",true,"liteapi"
"lpa072e-0","https://static.cupid.travel/hotels/ex_b9748dad_z.jpg","building","lpa072e","Timber Creek 10 Bedroom Holiday home By Accommodations in Telluride",true,"liteapi"
"lp658663cf-0","https://static.cupid.travel/hotels/ex_a88a3f05_z.jpg","","lp658663cf","Tomboy Lodge 144 1 Bedroom Condo",true,"liteapi"
"lp65709e3d-0","https://static.cupid.travel/hotels/545617499.jpg","building","lp65709e3d","Top Floor Condo with Balcony - Steps To Lifts & Main Street condo",true,"liteapi"
"lp656c8f6f-0","https://static.cupid.travel/hotels/ex_0875ffbb_z.jpg","","lp656c8f6f","Top Floor Condo With Balcony Steps To Lifts & Main Street 2 Bedroom Condo by RedAwning",true,"liteapi"
"lp6558530e-0","https://static.cupid.travel/hotels/ex_adce558e_z.jpg","building","lp6558530e","Townhome on the Creek 135 by Avantstay Ski In/ Ski Out Home w/ Hot Tub",true,"liteapi"
"lp656c8bfc-0","https://static.cupid.travel/hotels/ex_3ccf03cc_z.jpg","building","lp656c8bfc","True Ski In/ski Out Sun-drenched, Top Floor Condo Ajax Views, Deck, Garage Parking 3 Bedroom Condo by RedAwning",true,"liteapi"
"lp6585a834-0","https://static.cupid.travel/hotels/ex_775f6202_z.jpg","","lp6585a834","Upscale Ski-in/ski-out Escape w/ Deck + Grill",true,"liteapi"
"lp65584fb7-0","https://static.cupid.travel/hotels/ex_48321a95_z.jpg","building","lp65584fb7","Ute Lodge by Avantstay Cozy Expansive Mountain Home Close to the Slopes!",true,"liteapi"
"lp656c8bce-0","https://static.cupid.travel/hotels/ex_71bdf904_z.jpg","balance & terrace","lp656c8bce","Valley Floor Dream W/ Fireplace Year-round Trail Access, 3 Min To Town 2 Bedroom Condo by RedAwning",true,"liteapi"
"lp657687d0-0","https://static.cupid.travel/hotels/582274547.jpg","building","lp657687d0","Vibrant Central Telluride Studio with Hot Tub and AC",true,"liteapi"
"lp6558355e-0","https://static.cupid.travel/hotels/ex_c24f9366_z.jpg","building","lp6558355e","Viking Lodge 103 by Avantstay Stunning Condo, Near Ski Lift",true,"liteapi"
"lp655850d2-0","https://static.cupid.travel/hotels/ex_882004c5_z.jpg","building","lp655850d2","Viking Lodge 117 by Avantstay Ski Home w/ Communal Pool & Hot Tub",true,"liteapi"
"lp656c10b9-0","https://static.cupid.travel/hotels/ex_e2816fb1_z.jpg","balance & terrace","lp656c10b9","Viking Lodge 209 by Avantstay Great Ski Access, Walk to Downtown",true,"liteapi"
"lp656c10b7-0","https://static.cupid.travel/hotels/ex_9fbce72e_z.jpg","building","lp656c10b7","Viking Lodge 216 by Avantstay Great Ski Access, Walk to Downtown",true,"liteapi"
"lp656e172b-0","https://static.cupid.travel/hotels/ex_74cf6fe2_z.jpg","building","lp656e172b","Viking Lodge 312 1 Bedroom Condo",true,"liteapi"
"lp65874312-0","https://static.cupid.travel/hotels/ex_d4fe647d_z.jpg","","lp65874312","Viking Lodge 319 by Avantstay Great Ski Access w Communal Pool Hot Tub",true,"liteapi"
"lp656c10b8-0","https://static.cupid.travel/hotels/ex_a1a885b9_z.jpg","building","lp656c10b8","Viking Lodge 319 by Avantstay Great Ski Access, Walk to Town Park & Downtown",true,"liteapi"
"lp658752a7-0","https://static.cupid.travel/hotels/ex_48ee635a_z.jpg","","lp658752a7","Viking Lodge Condos - Telluride Ski Resort",true,"liteapi"
"lpbd334-0","https://static.cupid.travel/hotels/ex_b362a2be_z.jpg","building","lpbd334","Village Creek 8",true,"liteapi"
"lp6577b697-0","https://static.cupid.travel/hotels/597349311.jpg","building","lp6577b697","Village Hideaway - Telluride convenience!",true,"liteapi"
"lp656c8bd8-0","https://static.cupid.travel/hotels/ex_cd757628_z.jpg","balance & terrace","lp656c8bd8","Villas At Cortina 1 4 Bedroom Condo by Alpine Lodging Telluride",true,"liteapi"
"lp656c8bbd-0","https://static.cupid.travel/hotels/ex_4f026080_z.jpg","balance & terrace","lp656c8bbd","Villas At Cortina 4 3 Bedroom Condo by Alpine Lodging Telluride",true,"liteapi"
"lp6574975f-0","https://static.cupid.travel/hotels/426199604.jpg","balance & terrace","lp6574975f","Villas at Cortina 4 by Alpine Lodging Telluride",true,"liteapi"
"lp656c8be7-0","https://static.cupid.travel/hotels/ex_2a273341_z.jpg","balance & terrace","lp656c8be7","Villas At Cortina Penthouse 10 4 Bedroom Condo by Alpine Lodging Telluride",true,"liteapi"
"lp65745e69-0","https://static.cupid.travel/hotels/428887936.jpg","balance & terrace","lp65745e69","Villas at Cortina Penthouse 10 by Alpine Lodging Telluride",true,"liteapi"
"lp656c84f7-0","https://static.cupid.travel/hotels/ex_a30cfc66_z.jpg","balance & terrace","lp656c84f7","Villas At Cortina Penthouse 11 3 Bedroom Condo by Alpine Lodging Telluride",true,"liteapi"
"lp65583aca-0","https://static.cupid.travel/hotels/ex_7d55f416_z.jpg","building","lp65583aca","Villas At Tristant 137 by Avantstay Ski In/ Ski Out Home w/ Panoramic Views & Hot Tub",true,"liteapi"
"lp656c8354-0","https://static.cupid.travel/hotels/ex_b7a77fa4_z.jpg","building","lp656c8354","Walk To Festivals! Windows, Fireplace, Hot Tub 1 Bedroom Condo by RedAwning",true,"liteapi"
"lp656c8c22-0","https://static.cupid.travel/hotels/ex_f1bc5927_z.jpg","","lp656c8c22","Walk To Ski, Stylish & Bright! Ground Floor, Hot Tub, Pool 1 Bedroom Condo by RedAwning",true,"liteapi"
"lp656f0aaf-0","https://static.cupid.travel/hotels/427982627.jpg","building","lp656f0aaf","Walk to Ski, Stylish & Bright! Ground Floor, Hot Tub, Pool condo",true,"liteapi"
"lp656c8bf6-0","https://static.cupid.travel/hotels/ex_c4d41c25_z.jpg","building","lp656c8bf6","Walk To Ski! Bay Window View Of River & Ski Mountain 1 Bedroom Condo by RedAwning",true,"liteapi"
"lp6585f59d-0","https://static.cupid.travel/hotels/ex_acaf719d_z.jpg","","lp6585f59d","Wapiti Lane 4 Bedroom Home",true,"liteapi"
"lp655852e3-0","https://static.cupid.travel/hotels/ex_be52fb32_z.jpg","building","lp655852e3","Wapiti Mountain Escape by Avantstay Commanding Views Incredible Home w/ Hot Tub!",true,"liteapi"
"lp656c852d-0","https://static.cupid.travel/hotels/ex_8059cae2_z.jpg","building","lp656c852d","West End Walk To Lift 7 Hot Tub, Parking, Open Kitchen + Living Space 2 Bedroom Condo by RedAwning",true,"liteapi"
"lpd1513-0","https://static.cupid.travel/hotels/299813385.jpg","building","lpd1513","Westermere 310 - Westermere Sunset",true,"liteapi"
"lp65584fae-0","https://static.cupid.travel/hotels/ex_e81c2ad2_z.jpg","building","lp65584fae","Westermere 311 - 2 by Avantstay Just Steps From Ski Area w/ Great Views!",true,"liteapi"
"lp65584fac-0","https://static.cupid.travel/hotels/ex_f0d78628_z.jpg","building","lp65584fac","Westermere 311 by Avantstay Gorgeous Condo In Great Location!",true,"liteapi"
"lp656e6c68-0","https://static.cupid.travel/hotels/447461277.jpg","building","lp656e6c68","Wintercrown 301",true,"liteapi"
"lp656c5df4-0","https://static.cupid.travel/hotels/ex_94f09837_z.jpg","building","lp656c5df4","Winterleaf 4 Bedroom Home by RedAwning",true,"liteapi"